"","id","method","k_reduction","perp","AgreeAvg","Phi_Fx","numberOfExecutions","varElapsedTime","meanElapsedTime","Accuracy","Sensitivity","Specificity","Precision","Recall","F1","best_K_evaluation","LCMC_Nk","LCMC_Mk","LCMC_Mk_Adjusted"
"DiffusionMaps","DiffusionMaps","DiffusionMaps",NA,NA,0.73,0.46,3,0.001,3.216,0.722,NA,NA,NA,NA,NA,64,44.654,0.698,0.35
"DRR","DRR","DRR",NA,NA,0.61,0.22,3,0.029,4.192,0.722,NA,NA,NA,NA,NA,39,15.081,0.387,0.175
"HSLMDS [k=103] (rNLDR)","HSLMDS [k=103] (rNLDR)","HSLMDS (rNLDR)",103,NA,0.82,0.64,1,NA,356.765,0.722,NA,NA,NA,NA,NA,40,28.811,0.72,0.503
"HSLMDS [k=103] [kQuality=100] (NLDR)","HSLMDS [k=103] [kQuality=100] (NLDR)","HSLMDS (NLDR)",103,NA,0.81,0.61,1,NA,5.131,0.704,NA,NA,NA,NA,NA,39,26.903,0.69,0.478
"HSLMDS [k=103] [kQuality=101] (NLDR)","HSLMDS [k=103] [kQuality=101] (NLDR)","HSLMDS (NLDR)",103,NA,0.81,0.61,1,NA,5.186,0.704,NA,NA,NA,NA,NA,39,26.903,0.69,0.478
"HSLMDS [k=103] [kQuality=102] (NLDR)","HSLMDS [k=103] [kQuality=102] (NLDR)","HSLMDS (NLDR)",103,NA,0.81,0.61,1,NA,5.132,0.704,NA,NA,NA,NA,NA,39,26.903,0.69,0.478
"HSLMDS [k=103] [kQuality=103] (NLDR)","HSLMDS [k=103] [kQuality=103] (NLDR)","HSLMDS (NLDR)",103,NA,0.81,0.61,1,NA,5.054,0.704,NA,NA,NA,NA,NA,39,26.903,0.69,0.478
"HSLMDS [k=103] [kQuality=104] (NLDR)","HSLMDS [k=103] [kQuality=104] (NLDR)","HSLMDS (NLDR)",103,NA,0.81,0.61,1,NA,5.05,0.704,NA,NA,NA,NA,NA,39,26.903,0.69,0.478
"HSLMDS [k=103] [kQuality=105] (NLDR)","HSLMDS [k=103] [kQuality=105] (NLDR)","HSLMDS (NLDR)",103,NA,0.81,0.61,1,NA,5.388,0.722,NA,NA,NA,NA,NA,39,26.919,0.69,0.478
"HSLMDS [k=103] [kQuality=106] (NLDR)","HSLMDS [k=103] [kQuality=106] (NLDR)","HSLMDS (NLDR)",103,NA,0.81,0.61,1,NA,4.924,0.722,NA,NA,NA,NA,NA,39,26.892,0.69,0.478
"HSLMDS [k=109] (rNLDR)","HSLMDS [k=109] (rNLDR)","HSLMDS (rNLDR)",109,NA,0.82,0.64,1,NA,587.154,0.722,NA,NA,NA,NA,NA,39,27.816,0.713,0.501
"HSLMDS [k=109] [kQuality=106] (NLDR)","HSLMDS [k=109] [kQuality=106] (NLDR)","HSLMDS (NLDR)",109,NA,0.8,0.59,1,NA,3.855,0.722,NA,NA,NA,NA,NA,39,25.708,0.659,0.447
"HSLMDS [k=109] [kQuality=107] (NLDR)","HSLMDS [k=109] [kQuality=107] (NLDR)","HSLMDS (NLDR)",109,NA,0.72,0.45,1,NA,5.219,0.722,NA,NA,NA,NA,NA,39,21.005,0.539,0.327
"HSLMDS [k=109] [kQuality=108] (NLDR)","HSLMDS [k=109] [kQuality=108] (NLDR)","HSLMDS (NLDR)",109,NA,0.72,0.44,1,NA,26.896,0.722,NA,NA,NA,NA,NA,39,21.005,0.539,0.327
"HSLMDS [k=109] [kQuality=109] (NLDR)","HSLMDS [k=109] [kQuality=109] (NLDR)","HSLMDS (NLDR)",109,NA,0.72,0.45,1,NA,5.288,0.722,NA,NA,NA,NA,NA,39,21.005,0.539,0.327
"HSLMDS [k=109] [kQuality=110] (NLDR)","HSLMDS [k=109] [kQuality=110] (NLDR)","HSLMDS (NLDR)",109,NA,0.73,0.45,1,NA,34.396,0.722,NA,NA,NA,NA,NA,39,21.238,0.545,0.333
"HSLMDS [k=109] [kQuality=111] (NLDR)","HSLMDS [k=109] [kQuality=111] (NLDR)","HSLMDS (NLDR)",109,NA,0.73,0.45,1,NA,34.291,0.722,NA,NA,NA,NA,NA,39,21.238,0.545,0.333
"HSLMDS [k=109] [kQuality=112] (NLDR)","HSLMDS [k=109] [kQuality=112] (NLDR)","HSLMDS (NLDR)",109,NA,0.73,0.45,1,NA,34.12,0.722,NA,NA,NA,NA,NA,39,21.238,0.545,0.333
"HSLMDS [k=115] (rNLDR)","HSLMDS [k=115] (rNLDR)","HSLMDS (rNLDR)",115,NA,0.82,0.65,1,NA,349.459,0.722,NA,NA,NA,NA,NA,40,28.919,0.723,0.506
"HSLMDS [k=115] [kQuality=112] (NLDR)","HSLMDS [k=115] [kQuality=112] (NLDR)","HSLMDS (NLDR)",115,NA,0.79,0.58,1,NA,4.277,0.722,NA,NA,NA,NA,NA,37,24.049,0.65,0.449
"HSLMDS [k=115] [kQuality=113] (NLDR)","HSLMDS [k=115] [kQuality=113] (NLDR)","HSLMDS (NLDR)",115,NA,0.79,0.58,1,NA,4.343,0.722,NA,NA,NA,NA,NA,37,24.049,0.65,0.449
"HSLMDS [k=115] [kQuality=114] (NLDR)","HSLMDS [k=115] [kQuality=114] (NLDR)","HSLMDS (NLDR)",115,NA,0.79,0.57,1,NA,5.245,0.722,NA,NA,NA,NA,NA,34,21.443,0.631,0.446
"HSLMDS [k=115] [kQuality=115] (NLDR)","HSLMDS [k=115] [kQuality=115] (NLDR)","HSLMDS (NLDR)",115,NA,0.79,0.58,1,NA,5.121,0.722,NA,NA,NA,NA,NA,34,21.541,0.634,0.449
"HSLMDS [k=115] [kQuality=116] (NLDR)","HSLMDS [k=115] [kQuality=116] (NLDR)","HSLMDS (NLDR)",115,NA,0.79,0.58,1,NA,5.041,0.722,NA,NA,NA,NA,NA,34,21.541,0.634,0.449
"HSLMDS [k=115] [kQuality=117] (NLDR)","HSLMDS [k=115] [kQuality=117] (NLDR)","HSLMDS (NLDR)",115,NA,0.79,0.58,1,NA,4.361,0.722,NA,NA,NA,NA,NA,37,24.049,0.65,0.449
"HSLMDS [k=115] [kQuality=118] (NLDR)","HSLMDS [k=115] [kQuality=118] (NLDR)","HSLMDS (NLDR)",115,NA,0.79,0.58,1,NA,4.311,0.722,NA,NA,NA,NA,NA,37,24.049,0.65,0.449
"HSLMDS [k=122] (rNLDR)","HSLMDS [k=122] (rNLDR)","HSLMDS (rNLDR)",122,NA,0.81,0.62,1,NA,891.418,0.722,NA,NA,NA,NA,NA,39,26.822,0.688,0.476
"HSLMDS [k=122] [kQuality=119] (NLDR)","HSLMDS [k=122] [kQuality=119] (NLDR)","HSLMDS (NLDR)",122,NA,0.79,0.57,1,NA,2.719,0.722,NA,NA,NA,NA,NA,42,27.832,0.663,0.434
"HSLMDS [k=122] [kQuality=120] (NLDR)","HSLMDS [k=122] [kQuality=120] (NLDR)","HSLMDS (NLDR)",122,NA,0.79,0.57,1,NA,2.843,0.722,NA,NA,NA,NA,NA,42,27.832,0.663,0.434
"HSLMDS [k=122] [kQuality=121] (NLDR)","HSLMDS [k=122] [kQuality=121] (NLDR)","HSLMDS (NLDR)",122,NA,0.79,0.57,1,NA,4.494,0.722,NA,NA,NA,NA,NA,42,27.832,0.663,0.434
"HSLMDS [k=122] [kQuality=122] (NLDR)","HSLMDS [k=122] [kQuality=122] (NLDR)","HSLMDS (NLDR)",122,NA,0.79,0.57,1,NA,30.352,0.722,NA,NA,NA,NA,NA,42,27.827,0.663,0.434
"HSLMDS [k=122] [kQuality=123] (NLDR)","HSLMDS [k=122] [kQuality=123] (NLDR)","HSLMDS (NLDR)",122,NA,0.79,0.57,1,NA,4.223,0.722,NA,NA,NA,NA,NA,42,27.832,0.663,0.434
"HSLMDS [k=122] [kQuality=124] (NLDR)","HSLMDS [k=122] [kQuality=124] (NLDR)","HSLMDS (NLDR)",122,NA,0.79,0.57,1,NA,4.23,0.722,NA,NA,NA,NA,NA,42,27.832,0.663,0.434
"HSLMDS [k=122] [kQuality=125] (NLDR)","HSLMDS [k=122] [kQuality=125] (NLDR)","HSLMDS (NLDR)",122,NA,0.79,0.57,1,NA,4.523,0.722,NA,NA,NA,NA,NA,42,27.832,0.663,0.434
"HSLMDS [k=128] (rNLDR)","HSLMDS [k=128] (rNLDR)","HSLMDS (rNLDR)",128,NA,0.82,0.63,1,NA,371.069,0.722,NA,NA,NA,NA,NA,42,29.854,0.711,0.483
"HSLMDS [k=128] [kQuality=125] (NLDR)","HSLMDS [k=128] [kQuality=125] (NLDR)","HSLMDS (NLDR)",128,NA,0.77,0.54,1,NA,4.4,0.704,NA,NA,NA,NA,NA,38,22.557,0.594,0.387
"HSLMDS [k=128] [kQuality=126] (NLDR)","HSLMDS [k=128] [kQuality=126] (NLDR)","HSLMDS (NLDR)",128,NA,0.77,0.53,1,NA,29.866,0.704,NA,NA,NA,NA,NA,39,23.341,0.598,0.387
"HSLMDS [k=128] [kQuality=127] (NLDR)","HSLMDS [k=128] [kQuality=127] (NLDR)","HSLMDS (NLDR)",128,NA,0.77,0.53,1,NA,3.945,0.685,NA,NA,NA,NA,NA,39,23.276,0.597,0.385
"HSLMDS [k=128] [kQuality=128] (NLDR)","HSLMDS [k=128] [kQuality=128] (NLDR)","HSLMDS (NLDR)",128,NA,0.77,0.54,1,NA,4.244,0.704,NA,NA,NA,NA,NA,38,22.557,0.594,0.387
"HSLMDS [k=128] [kQuality=129] (NLDR)","HSLMDS [k=128] [kQuality=129] (NLDR)","HSLMDS (NLDR)",128,NA,0.76,0.53,1,NA,4.521,0.704,NA,NA,NA,NA,NA,29,15.524,0.535,0.378
"HSLMDS [k=128] [kQuality=130] (NLDR)","HSLMDS [k=128] [kQuality=130] (NLDR)","HSLMDS (NLDR)",128,NA,0.77,0.53,1,NA,29.671,0.704,NA,NA,NA,NA,NA,39,23.341,0.598,0.387
"HSLMDS [k=128] [kQuality=131] (NLDR)","HSLMDS [k=128] [kQuality=131] (NLDR)","HSLMDS (NLDR)",128,NA,0.77,0.53,1,NA,29.693,0.704,NA,NA,NA,NA,NA,39,23.341,0.598,0.387
"HSLMDS [k=134] (rNLDR)","HSLMDS [k=134] (rNLDR)","HSLMDS (rNLDR)",134,NA,0.82,0.64,1,NA,367.988,0.722,NA,NA,NA,NA,NA,40,28.573,0.714,0.497
"HSLMDS [k=134] [kQuality=131] (NLDR)","HSLMDS [k=134] [kQuality=131] (NLDR)","HSLMDS (NLDR)",134,NA,0.78,0.55,1,NA,3.556,0.741,NA,NA,NA,NA,NA,50,33.757,0.675,0.403
"HSLMDS [k=134] [kQuality=132] (NLDR)","HSLMDS [k=134] [kQuality=132] (NLDR)","HSLMDS (NLDR)",134,NA,0.78,0.55,1,NA,6.178,0.722,NA,NA,NA,NA,NA,50,33.751,0.675,0.403
"HSLMDS [k=134] [kQuality=133] (NLDR)","HSLMDS [k=134] [kQuality=133] (NLDR)","HSLMDS (NLDR)",134,NA,0.78,0.55,1,NA,3.032,0.704,NA,NA,NA,NA,NA,52,35.643,0.685,0.403
"HSLMDS [k=134] [kQuality=134] (NLDR)","HSLMDS [k=134] [kQuality=134] (NLDR)","HSLMDS (NLDR)",134,NA,0.78,0.55,1,NA,2.994,0.704,NA,NA,NA,NA,NA,52,35.643,0.685,0.403
"HSLMDS [k=134] [kQuality=135] (NLDR)","HSLMDS [k=134] [kQuality=135] (NLDR)","HSLMDS (NLDR)",134,NA,0.78,0.55,1,NA,3.009,0.704,NA,NA,NA,NA,NA,52,35.643,0.685,0.403
"HSLMDS [k=134] [kQuality=136] (NLDR)","HSLMDS [k=134] [kQuality=136] (NLDR)","HSLMDS (NLDR)",134,NA,0.78,0.55,1,NA,6.111,0.722,NA,NA,NA,NA,NA,50,33.751,0.675,0.403
"HSLMDS [k=134] [kQuality=137] (NLDR)","HSLMDS [k=134] [kQuality=137] (NLDR)","HSLMDS (NLDR)",134,NA,0.78,0.55,1,NA,2.998,0.685,NA,NA,NA,NA,NA,50,33.762,0.675,0.404
"HSLMDS [k=140] (rNLDR)","HSLMDS [k=140] (rNLDR)","HSLMDS (rNLDR)",140,NA,0.81,0.62,1,NA,679.703,0.722,NA,NA,NA,NA,NA,45,32.708,0.727,0.482
"HSLMDS [k=140] [kQuality=137] (NLDR)","HSLMDS [k=140] [kQuality=137] (NLDR)","HSLMDS (NLDR)",140,NA,0.78,0.57,1,NA,3.707,0.704,NA,NA,NA,NA,NA,49,34,0.694,0.428
"HSLMDS [k=140] [kQuality=138] (NLDR)","HSLMDS [k=140] [kQuality=138] (NLDR)","HSLMDS (NLDR)",140,NA,0.78,0.57,1,NA,4.001,0.704,NA,NA,NA,NA,NA,49,34,0.694,0.428
"HSLMDS [k=140] [kQuality=139] (NLDR)","HSLMDS [k=140] [kQuality=139] (NLDR)","HSLMDS (NLDR)",140,NA,0.78,0.57,1,NA,2.928,0.704,NA,NA,NA,NA,NA,49,33.984,0.694,0.427
"HSLMDS [k=140] [kQuality=140] (NLDR)","HSLMDS [k=140] [kQuality=140] (NLDR)","HSLMDS (NLDR)",140,NA,0.78,0.57,1,NA,2.821,0.704,NA,NA,NA,NA,NA,49,33.984,0.694,0.427
"HSLMDS [k=140] [kQuality=141] (NLDR)","HSLMDS [k=140] [kQuality=141] (NLDR)","HSLMDS (NLDR)",140,NA,0.78,0.57,1,NA,3.772,0.704,NA,NA,NA,NA,NA,49,34,0.694,0.428
"HSLMDS [k=140] [kQuality=142] (NLDR)","HSLMDS [k=140] [kQuality=142] (NLDR)","HSLMDS (NLDR)",140,NA,0.78,0.57,1,NA,3.764,0.704,NA,NA,NA,NA,NA,49,34,0.694,0.428
"HSLMDS [k=140] [kQuality=143] (NLDR)","HSLMDS [k=140] [kQuality=143] (NLDR)","HSLMDS (NLDR)",140,NA,0.78,0.57,1,NA,3.313,0.704,NA,NA,NA,NA,NA,50,34.914,0.698,0.427
"HSLMDS [k=147] (rNLDR)","HSLMDS [k=147] (rNLDR)","HSLMDS (rNLDR)",147,NA,0.8,0.59,1,NA,355.155,0.722,NA,NA,NA,NA,NA,47,33.378,0.71,0.455
"HSLMDS [k=147] [kQuality=144] (NLDR)","HSLMDS [k=147] [kQuality=144] (NLDR)","HSLMDS (NLDR)",147,NA,0.8,0.6,1,NA,2.894,0.685,NA,NA,NA,NA,NA,50,36.719,0.734,0.463
"HSLMDS [k=147] [kQuality=145] (NLDR)","HSLMDS [k=147] [kQuality=145] (NLDR)","HSLMDS (NLDR)",147,NA,0.8,0.6,1,NA,3.155,0.704,NA,NA,NA,NA,NA,50,36.708,0.734,0.462
"HSLMDS [k=147] [kQuality=146] (NLDR)","HSLMDS [k=147] [kQuality=146] (NLDR)","HSLMDS (NLDR)",147,NA,0.8,0.6,1,NA,2.787,0.685,NA,NA,NA,NA,NA,50,36.719,0.734,0.463
"HSLMDS [k=147] [kQuality=147] (NLDR)","HSLMDS [k=147] [kQuality=147] (NLDR)","HSLMDS (NLDR)",147,NA,0.8,0.6,1,NA,4.299,0.685,NA,NA,NA,NA,NA,50,36.724,0.734,0.463
"HSLMDS [k=147] [kQuality=148] (NLDR)","HSLMDS [k=147] [kQuality=148] (NLDR)","HSLMDS (NLDR)",147,NA,0.8,0.6,1,NA,3.234,0.704,NA,NA,NA,NA,NA,50,36.708,0.734,0.462
"HSLMDS [k=147] [kQuality=149] (NLDR)","HSLMDS [k=147] [kQuality=149] (NLDR)","HSLMDS (NLDR)",147,NA,0.8,0.6,1,NA,2.985,0.685,NA,NA,NA,NA,NA,50,36.719,0.734,0.463
"HSLMDS [k=147] [kQuality=150] (NLDR)","HSLMDS [k=147] [kQuality=150] (NLDR)","HSLMDS (NLDR)",147,NA,0.8,0.6,1,NA,3.176,0.704,NA,NA,NA,NA,NA,50,36.708,0.734,0.462
"HSLMDS [k=15] (rNLDR)","HSLMDS [k=15] (rNLDR)","HSLMDS (rNLDR)",15,NA,0.78,0.55,1,NA,470.631,0.722,NA,NA,NA,NA,NA,39,25.616,0.657,0.445
"HSLMDS [k=15] [kQuality=12] (NLDR)","HSLMDS [k=15] [kQuality=12] (NLDR)","HSLMDS (NLDR)",15,NA,0.76,0.52,1,NA,2.699,0.722,NA,NA,NA,NA,NA,30,17.573,0.586,0.423
"HSLMDS [k=15] [kQuality=13] (NLDR)","HSLMDS [k=15] [kQuality=13] (NLDR)","HSLMDS (NLDR)",15,NA,0.76,0.52,1,NA,2.655,0.722,NA,NA,NA,NA,NA,30,17.573,0.586,0.423
"HSLMDS [k=15] [kQuality=14] (NLDR)","HSLMDS [k=15] [kQuality=14] (NLDR)","HSLMDS (NLDR)",15,NA,0.76,0.52,1,NA,2.661,0.722,NA,NA,NA,NA,NA,30,17.573,0.586,0.423
"HSLMDS [k=15] [kQuality=15] (NLDR)","HSLMDS [k=15] [kQuality=15] (NLDR)","HSLMDS (NLDR)",15,NA,0.76,0.52,1,NA,2.685,0.722,NA,NA,NA,NA,NA,30,17.573,0.586,0.423
"HSLMDS [k=15] [kQuality=16] (NLDR)","HSLMDS [k=15] [kQuality=16] (NLDR)","HSLMDS (NLDR)",15,NA,0.76,0.52,1,NA,3.388,0.704,NA,NA,NA,NA,NA,30,17.595,0.586,0.423
"HSLMDS [k=15] [kQuality=17] (NLDR)","HSLMDS [k=15] [kQuality=17] (NLDR)","HSLMDS (NLDR)",15,NA,0.76,0.52,1,NA,2.371,0.704,NA,NA,NA,NA,NA,30,17.611,0.587,0.424
"HSLMDS [k=15] [kQuality=18] (NLDR)","HSLMDS [k=15] [kQuality=18] (NLDR)","HSLMDS (NLDR)",15,NA,0.76,0.52,1,NA,4.642,0.704,NA,NA,NA,NA,NA,30,17.611,0.587,0.424
"HSLMDS [k=153] (rNLDR)","HSLMDS [k=153] (rNLDR)","HSLMDS (rNLDR)",153,NA,0.81,0.62,1,NA,387.901,0.722,NA,NA,NA,NA,NA,46,33.892,0.737,0.487
"HSLMDS [k=153] [kQuality=150] (NLDR)","HSLMDS [k=153] [kQuality=150] (NLDR)","HSLMDS (NLDR)",153,NA,0.78,0.57,1,NA,9.148,0.722,NA,NA,NA,NA,NA,50,35.924,0.718,0.447
"HSLMDS [k=153] [kQuality=151] (NLDR)","HSLMDS [k=153] [kQuality=151] (NLDR)","HSLMDS (NLDR)",153,NA,0.78,0.57,1,NA,9.291,0.722,NA,NA,NA,NA,NA,50,35.924,0.718,0.447
"HSLMDS [k=153] [kQuality=152] (NLDR)","HSLMDS [k=153] [kQuality=152] (NLDR)","HSLMDS (NLDR)",153,NA,0.78,0.57,1,NA,9.128,0.722,NA,NA,NA,NA,NA,50,35.924,0.718,0.447
"HSLMDS [k=153] [kQuality=153] (NLDR)","HSLMDS [k=153] [kQuality=153] (NLDR)","HSLMDS (NLDR)",153,NA,0.78,0.57,1,NA,10.703,0.722,NA,NA,NA,NA,NA,50,35.935,0.719,0.447
"HSLMDS [k=153] [kQuality=154] (NLDR)","HSLMDS [k=153] [kQuality=154] (NLDR)","HSLMDS (NLDR)",153,NA,0.78,0.57,1,NA,15.271,0.722,NA,NA,NA,NA,NA,50,35.919,0.718,0.447
"HSLMDS [k=153] [kQuality=155] (NLDR)","HSLMDS [k=153] [kQuality=155] (NLDR)","HSLMDS (NLDR)",153,NA,0.78,0.57,1,NA,15.208,0.722,NA,NA,NA,NA,NA,50,35.919,0.718,0.447
"HSLMDS [k=153] [kQuality=156] (NLDR)","HSLMDS [k=153] [kQuality=156] (NLDR)","HSLMDS (NLDR)",153,NA,0.78,0.57,1,NA,10.685,0.722,NA,NA,NA,NA,NA,50,35.935,0.719,0.447
"HSLMDS [k=159] (rNLDR)","HSLMDS [k=159] (rNLDR)","HSLMDS (rNLDR)",159,NA,0.83,0.65,1,NA,612.661,0.722,NA,NA,NA,NA,NA,40,29.254,0.731,0.514
"HSLMDS [k=159] [kQuality=156] (NLDR)","HSLMDS [k=159] [kQuality=156] (NLDR)","HSLMDS (NLDR)",159,NA,0.76,0.52,1,NA,16.4,0.611,NA,NA,NA,NA,NA,51,34.973,0.686,0.409
"HSLMDS [k=159] [kQuality=157] (NLDR)","HSLMDS [k=159] [kQuality=157] (NLDR)","HSLMDS (NLDR)",159,NA,0.76,0.52,1,NA,16.455,0.611,NA,NA,NA,NA,NA,51,34.973,0.686,0.409
"HSLMDS [k=159] [kQuality=158] (NLDR)","HSLMDS [k=159] [kQuality=158] (NLDR)","HSLMDS (NLDR)",159,NA,0.78,0.56,1,NA,4.81,0.685,NA,NA,NA,NA,NA,50,36.168,0.723,0.452
"HSLMDS [k=159] [kQuality=159] (NLDR)","HSLMDS [k=159] [kQuality=159] (NLDR)","HSLMDS (NLDR)",159,NA,0.78,0.56,1,NA,8.392,0.685,NA,NA,NA,NA,NA,50,36.205,0.724,0.452
"HSLMDS [k=159] [kQuality=160] (NLDR)","HSLMDS [k=159] [kQuality=160] (NLDR)","HSLMDS (NLDR)",159,NA,0.78,0.56,1,NA,8.382,0.685,NA,NA,NA,NA,NA,50,36.205,0.724,0.452
"HSLMDS [k=159] [kQuality=161] (NLDR)","HSLMDS [k=159] [kQuality=161] (NLDR)","HSLMDS (NLDR)",159,NA,0.78,0.56,1,NA,8.445,0.685,NA,NA,NA,NA,NA,50,36.205,0.724,0.452
"HSLMDS [k=159] [kQuality=162] (NLDR)","HSLMDS [k=159] [kQuality=162] (NLDR)","HSLMDS (NLDR)",159,NA,0.78,0.56,1,NA,14.081,0.685,NA,NA,NA,NA,NA,50,36.178,0.724,0.452
"HSLMDS [k=165] (rNLDR)","HSLMDS [k=165] (rNLDR)","HSLMDS (rNLDR)",165,NA,0.82,0.64,1,NA,2044.164,0.722,NA,NA,NA,NA,NA,45,33.843,0.752,0.508
"HSLMDS [k=165] [kQuality=162] (NLDR)","HSLMDS [k=165] [kQuality=162] (NLDR)","HSLMDS (NLDR)",165,NA,0.8,0.59,1,NA,2.65,0.722,NA,NA,NA,NA,NA,46,33.092,0.719,0.469
"HSLMDS [k=165] [kQuality=163] (NLDR)","HSLMDS [k=165] [kQuality=163] (NLDR)","HSLMDS (NLDR)",165,NA,0.8,0.59,1,NA,2.808,0.759,NA,NA,NA,NA,NA,46,33.124,0.72,0.47
"HSLMDS [k=165] [kQuality=164] (NLDR)","HSLMDS [k=165] [kQuality=164] (NLDR)","HSLMDS (NLDR)",165,NA,0.8,0.59,1,NA,2.69,0.722,NA,NA,NA,NA,NA,46,33.092,0.719,0.469
"HSLMDS [k=165] [kQuality=165] (NLDR)","HSLMDS [k=165] [kQuality=165] (NLDR)","HSLMDS (NLDR)",165,NA,0.8,0.59,1,NA,6.248,0.722,NA,NA,NA,NA,NA,46,33.032,0.718,0.468
"HSLMDS [k=165] [kQuality=166] (NLDR)","HSLMDS [k=165] [kQuality=166] (NLDR)","HSLMDS (NLDR)",165,NA,0.8,0.59,1,NA,3.692,0.722,NA,NA,NA,NA,NA,46,33.032,0.718,0.468
"HSLMDS [k=165] [kQuality=167] (NLDR)","HSLMDS [k=165] [kQuality=167] (NLDR)","HSLMDS (NLDR)",165,NA,0.8,0.59,1,NA,2.68,0.722,NA,NA,NA,NA,NA,46,33.092,0.719,0.469
"HSLMDS [k=165] [kQuality=168] (NLDR)","HSLMDS [k=165] [kQuality=168] (NLDR)","HSLMDS (NLDR)",165,NA,0.8,0.59,1,NA,2.801,0.722,NA,NA,NA,NA,NA,46,33.032,0.718,0.468
"HSLMDS [k=172] (rNLDR)","HSLMDS [k=172] (rNLDR)","HSLMDS (rNLDR)",172,NA,0.83,0.66,1,NA,441.67,0.722,NA,NA,NA,NA,NA,42,31.308,0.745,0.517
"HSLMDS [k=172] [kQuality=169] (NLDR)","HSLMDS [k=172] [kQuality=169] (NLDR)","HSLMDS (NLDR)",172,NA,0.81,0.63,1,NA,5.857,0.704,NA,NA,NA,NA,NA,46,34.443,0.749,0.499
"HSLMDS [k=172] [kQuality=170] (NLDR)","HSLMDS [k=172] [kQuality=170] (NLDR)","HSLMDS (NLDR)",172,NA,0.82,0.63,1,NA,5.653,0.685,NA,NA,NA,NA,NA,46,34.459,0.749,0.499
"HSLMDS [k=172] [kQuality=171] (NLDR)","HSLMDS [k=172] [kQuality=171] (NLDR)","HSLMDS (NLDR)",172,NA,0.81,0.63,1,NA,5.914,0.704,NA,NA,NA,NA,NA,46,34.443,0.749,0.499
"HSLMDS [k=172] [kQuality=172] (NLDR)","HSLMDS [k=172] [kQuality=172] (NLDR)","HSLMDS (NLDR)",172,NA,0.82,0.64,1,NA,6.247,0.704,NA,NA,NA,NA,NA,40,28.865,0.722,0.504
"HSLMDS [k=172] [kQuality=173] (NLDR)","HSLMDS [k=172] [kQuality=173] (NLDR)","HSLMDS (NLDR)",172,NA,0.75,0.49,1,NA,7.266,0.685,NA,NA,NA,NA,NA,69,51.692,0.749,0.374
"HSLMDS [k=172] [kQuality=174] (NLDR)","HSLMDS [k=172] [kQuality=174] (NLDR)","HSLMDS (NLDR)",172,NA,0.75,0.49,1,NA,7.306,0.685,NA,NA,NA,NA,NA,69,51.692,0.749,0.374
"HSLMDS [k=172] [kQuality=175] (NLDR)","HSLMDS [k=172] [kQuality=175] (NLDR)","HSLMDS (NLDR)",172,NA,0.75,0.49,1,NA,7.225,0.685,NA,NA,NA,NA,NA,69,51.692,0.749,0.374
"HSLMDS [k=178] (rNLDR)","HSLMDS [k=178] (rNLDR)","HSLMDS (rNLDR)",178,NA,0.83,0.66,1,NA,431.002,0.741,NA,NA,NA,NA,NA,40,29.681,0.742,0.525
"HSLMDS [k=178] [kQuality=175] (NLDR)","HSLMDS [k=178] [kQuality=175] (NLDR)","HSLMDS (NLDR)",178,NA,0.82,0.63,1,NA,2.747,0.722,NA,NA,NA,NA,NA,43,31.508,0.733,0.499
"HSLMDS [k=178] [kQuality=176] (NLDR)","HSLMDS [k=178] [kQuality=176] (NLDR)","HSLMDS (NLDR)",178,NA,0.82,0.63,1,NA,3.212,0.704,NA,NA,NA,NA,NA,46,34.486,0.75,0.5
"HSLMDS [k=178] [kQuality=177] (NLDR)","HSLMDS [k=178] [kQuality=177] (NLDR)","HSLMDS (NLDR)",178,NA,0.83,0.66,1,NA,4.22,0.704,NA,NA,NA,NA,NA,40,29.362,0.734,0.517
"HSLMDS [k=178] [kQuality=178] (NLDR)","HSLMDS [k=178] [kQuality=178] (NLDR)","HSLMDS (NLDR)",178,NA,0.83,0.66,1,NA,4.15,0.704,NA,NA,NA,NA,NA,40,29.362,0.734,0.517
"HSLMDS [k=178] [kQuality=179] (NLDR)","HSLMDS [k=178] [kQuality=179] (NLDR)","HSLMDS (NLDR)",178,NA,0.76,0.53,1,NA,3.474,0.685,NA,NA,NA,NA,NA,65,48.551,0.747,0.394
"HSLMDS [k=178] [kQuality=180] (NLDR)","HSLMDS [k=178] [kQuality=180] (NLDR)","HSLMDS (NLDR)",178,NA,0.76,0.51,1,NA,7.663,0.722,NA,NA,NA,NA,NA,65,48.065,0.739,0.386
"HSLMDS [k=178] [kQuality=181] (NLDR)","HSLMDS [k=178] [kQuality=181] (NLDR)","HSLMDS (NLDR)",178,NA,0.76,0.51,1,NA,7.599,0.722,NA,NA,NA,NA,NA,65,48.065,0.739,0.386
"HSLMDS [k=184] (rNLDR)","HSLMDS [k=184] (rNLDR)","HSLMDS (rNLDR)",184,NA,0.82,0.64,1,NA,367.153,0.722,NA,NA,NA,NA,NA,43,31.849,0.741,0.507
"HSLMDS [k=184] [kQuality=181] (NLDR)","HSLMDS [k=184] [kQuality=181] (NLDR)","HSLMDS (NLDR)",184,NA,0.76,0.52,1,NA,4.945,0.722,NA,NA,NA,NA,NA,65,48.265,0.743,0.389
"HSLMDS [k=184] [kQuality=182] (NLDR)","HSLMDS [k=184] [kQuality=182] (NLDR)","HSLMDS (NLDR)",184,NA,0.76,0.52,1,NA,5.017,0.722,NA,NA,NA,NA,NA,65,48.265,0.743,0.389
"HSLMDS [k=184] [kQuality=183] (NLDR)","HSLMDS [k=184] [kQuality=183] (NLDR)","HSLMDS (NLDR)",184,NA,0.76,0.52,1,NA,4.967,0.722,NA,NA,NA,NA,NA,65,48.265,0.743,0.389
"HSLMDS [k=184] [kQuality=184] (NLDR)","HSLMDS [k=184] [kQuality=184] (NLDR)","HSLMDS (NLDR)",184,NA,0.81,0.63,1,NA,3.789,0.722,NA,NA,NA,NA,NA,39,27.568,0.707,0.495
"HSLMDS [k=22] (rNLDR)","HSLMDS [k=22] (rNLDR)","HSLMDS (rNLDR)",22,NA,0.78,0.56,1,NA,411.118,0.722,NA,NA,NA,NA,NA,34,21.8,0.641,0.456
"HSLMDS [k=22] [kQuality=19] (NLDR)","HSLMDS [k=22] [kQuality=19] (NLDR)","HSLMDS (NLDR)",22,NA,0.76,0.52,1,NA,3.038,0.722,NA,NA,NA,NA,NA,34,20.827,0.613,0.428
"HSLMDS [k=22] [kQuality=20] (NLDR)","HSLMDS [k=22] [kQuality=20] (NLDR)","HSLMDS (NLDR)",22,NA,0.76,0.52,1,NA,3.236,0.722,NA,NA,NA,NA,NA,34,20.843,0.613,0.428
"HSLMDS [k=22] [kQuality=21] (NLDR)","HSLMDS [k=22] [kQuality=21] (NLDR)","HSLMDS (NLDR)",22,NA,0.76,0.52,1,NA,3.327,0.722,NA,NA,NA,NA,NA,34,20.843,0.613,0.428
"HSLMDS [k=22] [kQuality=22] (NLDR)","HSLMDS [k=22] [kQuality=22] (NLDR)","HSLMDS (NLDR)",22,NA,0.76,0.52,1,NA,3.261,0.722,NA,NA,NA,NA,NA,34,20.843,0.613,0.428
"HSLMDS [k=22] [kQuality=23] (NLDR)","HSLMDS [k=22] [kQuality=23] (NLDR)","HSLMDS (NLDR)",22,NA,0.76,0.52,1,NA,3.215,0.722,NA,NA,NA,NA,NA,34,20.843,0.613,0.428
"HSLMDS [k=22] [kQuality=24] (NLDR)","HSLMDS [k=22] [kQuality=24] (NLDR)","HSLMDS (NLDR)",22,NA,0.76,0.52,1,NA,3.325,0.722,NA,NA,NA,NA,NA,34,20.843,0.613,0.428
"HSLMDS [k=22] [kQuality=25] (NLDR)","HSLMDS [k=22] [kQuality=25] (NLDR)","HSLMDS (NLDR)",22,NA,0.76,0.52,1,NA,10.718,0.722,NA,NA,NA,NA,NA,34,20.832,0.613,0.428
"HSLMDS [k=28] (rNLDR)","HSLMDS [k=28] (rNLDR)","HSLMDS (rNLDR)",28,NA,0.79,0.58,1,NA,438.515,0.722,NA,NA,NA,NA,NA,39,26.946,0.691,0.479
"HSLMDS [k=28] [kQuality=25] (NLDR)","HSLMDS [k=28] [kQuality=25] (NLDR)","HSLMDS (NLDR)",28,NA,0.77,0.54,1,NA,5.86,0.722,NA,NA,NA,NA,NA,34,21.551,0.634,0.449
"HSLMDS [k=28] [kQuality=26] (NLDR)","HSLMDS [k=28] [kQuality=26] (NLDR)","HSLMDS (NLDR)",28,NA,0.77,0.54,1,NA,5.264,0.722,NA,NA,NA,NA,NA,34,21.524,0.633,0.448
"HSLMDS [k=28] [kQuality=27] (NLDR)","HSLMDS [k=28] [kQuality=27] (NLDR)","HSLMDS (NLDR)",28,NA,0.77,0.54,1,NA,6.199,0.722,NA,NA,NA,NA,NA,34,21.541,0.634,0.449
"HSLMDS [k=28] [kQuality=28] (NLDR)","HSLMDS [k=28] [kQuality=28] (NLDR)","HSLMDS (NLDR)",28,NA,0.77,0.54,1,NA,23.475,0.722,NA,NA,NA,NA,NA,34,21.541,0.634,0.449
"HSLMDS [k=28] [kQuality=29] (NLDR)","HSLMDS [k=28] [kQuality=29] (NLDR)","HSLMDS (NLDR)",28,NA,0.77,0.54,1,NA,5.818,0.722,NA,NA,NA,NA,NA,34,21.551,0.634,0.449
"HSLMDS [k=28] [kQuality=30] (NLDR)","HSLMDS [k=28] [kQuality=30] (NLDR)","HSLMDS (NLDR)",28,NA,0.77,0.54,1,NA,5.995,0.722,NA,NA,NA,NA,NA,34,21.551,0.634,0.449
"HSLMDS [k=28] [kQuality=31] (NLDR)","HSLMDS [k=28] [kQuality=31] (NLDR)","HSLMDS (NLDR)",28,NA,0.77,0.54,1,NA,5.964,0.722,NA,NA,NA,NA,NA,34,21.551,0.634,0.449
"HSLMDS [k=3] (rNLDR)","HSLMDS [k=3] (rNLDR)","HSLMDS (rNLDR)",3,NA,0.72,0.43,1,NA,2038.885,0.667,NA,NA,NA,NA,NA,30,15.319,0.511,0.348
"HSLMDS [k=3] [kQuality=1] (NLDR)","HSLMDS [k=3] [kQuality=1] (NLDR)","HSLMDS (NLDR)",3,NA,0.72,0.43,1,NA,5.135,0.667,NA,NA,NA,NA,NA,30,15.319,0.511,0.348
"HSLMDS [k=3] [kQuality=2] (NLDR)","HSLMDS [k=3] [kQuality=2] (NLDR)","HSLMDS (NLDR)",3,NA,0.72,0.43,1,NA,5.106,0.667,NA,NA,NA,NA,NA,30,15.319,0.511,0.348
"HSLMDS [k=3] [kQuality=3] (NLDR)","HSLMDS [k=3] [kQuality=3] (NLDR)","HSLMDS (NLDR)",3,NA,0.72,0.43,1,NA,36.784,0.611,NA,NA,NA,NA,NA,30,15.465,0.515,0.352
"HSLMDS [k=3] [kQuality=4] (NLDR)","HSLMDS [k=3] [kQuality=4] (NLDR)","HSLMDS (NLDR)",3,NA,0.72,0.43,1,NA,10.176,0.796,NA,NA,NA,NA,NA,35,18.822,0.538,0.348
"HSLMDS [k=3] [kQuality=5] (NLDR)","HSLMDS [k=3] [kQuality=5] (NLDR)","HSLMDS (NLDR)",3,NA,0.72,0.43,1,NA,36.793,0.611,NA,NA,NA,NA,NA,30,15.465,0.515,0.352
"HSLMDS [k=3] [kQuality=6] (NLDR)","HSLMDS [k=3] [kQuality=6] (NLDR)","HSLMDS (NLDR)",3,NA,0.72,0.43,1,NA,36.776,0.611,NA,NA,NA,NA,NA,30,15.465,0.515,0.352
"HSLMDS [k=34] (rNLDR)","HSLMDS [k=34] (rNLDR)","HSLMDS (rNLDR)",34,NA,0.8,0.59,1,NA,345.318,0.722,NA,NA,NA,NA,NA,35,23.568,0.673,0.483
"HSLMDS [k=34] [kQuality=31] (NLDR)","HSLMDS [k=34] [kQuality=31] (NLDR)","HSLMDS (NLDR)",34,NA,0.77,0.54,1,NA,5.531,0.704,NA,NA,NA,NA,NA,34,21.497,0.632,0.447
"HSLMDS [k=34] [kQuality=32] (NLDR)","HSLMDS [k=34] [kQuality=32] (NLDR)","HSLMDS (NLDR)",34,NA,0.77,0.54,1,NA,3.709,0.704,NA,NA,NA,NA,NA,34,21.476,0.632,0.447
"HSLMDS [k=34] [kQuality=33] (NLDR)","HSLMDS [k=34] [kQuality=33] (NLDR)","HSLMDS (NLDR)",34,NA,0.77,0.54,1,NA,4.878,0.704,NA,NA,NA,NA,NA,34,21.508,0.633,0.448
"HSLMDS [k=34] [kQuality=34] (NLDR)","HSLMDS [k=34] [kQuality=34] (NLDR)","HSLMDS (NLDR)",34,NA,0.77,0.54,1,NA,5.519,0.704,NA,NA,NA,NA,NA,34,21.497,0.632,0.447
"HSLMDS [k=34] [kQuality=35] (NLDR)","HSLMDS [k=34] [kQuality=35] (NLDR)","HSLMDS (NLDR)",34,NA,0.77,0.54,1,NA,5.583,0.704,NA,NA,NA,NA,NA,34,21.497,0.632,0.447
"HSLMDS [k=34] [kQuality=36] (NLDR)","HSLMDS [k=34] [kQuality=36] (NLDR)","HSLMDS (NLDR)",34,NA,0.77,0.54,1,NA,3.69,0.704,NA,NA,NA,NA,NA,34,21.476,0.632,0.447
"HSLMDS [k=34] [kQuality=37] (NLDR)","HSLMDS [k=34] [kQuality=37] (NLDR)","HSLMDS (NLDR)",34,NA,0.77,0.54,1,NA,3.717,0.704,NA,NA,NA,NA,NA,34,21.476,0.632,0.447
"HSLMDS [k=40] (rNLDR)","HSLMDS [k=40] (rNLDR)","HSLMDS (rNLDR)",40,NA,0.8,0.6,1,NA,426.999,0.722,NA,NA,NA,NA,NA,40,28.232,0.706,0.488
"HSLMDS [k=40] [kQuality=37] (NLDR)","HSLMDS [k=40] [kQuality=37] (NLDR)","HSLMDS (NLDR)",40,NA,0.78,0.55,1,NA,2.423,0.722,NA,NA,NA,NA,NA,39,26.238,0.673,0.461
"HSLMDS [k=40] [kQuality=38] (NLDR)","HSLMDS [k=40] [kQuality=38] (NLDR)","HSLMDS (NLDR)",40,NA,0.78,0.55,1,NA,2.47,0.722,NA,NA,NA,NA,NA,39,26.238,0.673,0.461
"HSLMDS [k=40] [kQuality=39] (NLDR)","HSLMDS [k=40] [kQuality=39] (NLDR)","HSLMDS (NLDR)",40,NA,0.78,0.55,1,NA,2.43,0.722,NA,NA,NA,NA,NA,39,26.238,0.673,0.461
"HSLMDS [k=40] [kQuality=40] (NLDR)","HSLMDS [k=40] [kQuality=40] (NLDR)","HSLMDS (NLDR)",40,NA,0.78,0.55,1,NA,2.604,0.722,NA,NA,NA,NA,NA,39,26.238,0.673,0.461
"HSLMDS [k=40] [kQuality=41] (NLDR)","HSLMDS [k=40] [kQuality=41] (NLDR)","HSLMDS (NLDR)",40,NA,0.78,0.55,1,NA,2.462,0.722,NA,NA,NA,NA,NA,39,26.238,0.673,0.461
"HSLMDS [k=40] [kQuality=42] (NLDR)","HSLMDS [k=40] [kQuality=42] (NLDR)","HSLMDS (NLDR)",40,NA,0.78,0.55,1,NA,2.427,0.722,NA,NA,NA,NA,NA,39,26.238,0.673,0.461
"HSLMDS [k=40] [kQuality=43] (NLDR)","HSLMDS [k=40] [kQuality=43] (NLDR)","HSLMDS (NLDR)",40,NA,0.78,0.55,1,NA,2.458,0.722,NA,NA,NA,NA,NA,39,26.238,0.673,0.461
"HSLMDS [k=47] (rNLDR)","HSLMDS [k=47] (rNLDR)","HSLMDS (rNLDR)",47,NA,0.81,0.61,1,NA,397.558,0.722,NA,NA,NA,NA,NA,40,28.616,0.715,0.498
"HSLMDS [k=47] [kQuality=44] (NLDR)","HSLMDS [k=47] [kQuality=44] (NLDR)","HSLMDS (NLDR)",47,NA,0.71,0.42,1,NA,4.004,0.722,NA,NA,NA,NA,NA,45,25.795,0.573,0.329
"HSLMDS [k=47] [kQuality=45] (NLDR)","HSLMDS [k=47] [kQuality=45] (NLDR)","HSLMDS (NLDR)",47,NA,0.71,0.42,1,NA,3.992,0.722,NA,NA,NA,NA,NA,45,25.795,0.573,0.329
"HSLMDS [k=47] [kQuality=46] (NLDR)","HSLMDS [k=47] [kQuality=46] (NLDR)","HSLMDS (NLDR)",47,NA,0.71,0.42,1,NA,4.072,0.722,NA,NA,NA,NA,NA,45,25.795,0.573,0.329
"HSLMDS [k=47] [kQuality=47] (NLDR)","HSLMDS [k=47] [kQuality=47] (NLDR)","HSLMDS (NLDR)",47,NA,0.78,0.56,1,NA,4.889,0.722,NA,NA,NA,NA,NA,39,26.389,0.677,0.465
"HSLMDS [k=47] [kQuality=48] (NLDR)","HSLMDS [k=47] [kQuality=48] (NLDR)","HSLMDS (NLDR)",47,NA,0.78,0.56,1,NA,2.614,0.722,NA,NA,NA,NA,NA,39,26.427,0.678,0.466
"HSLMDS [k=47] [kQuality=49] (NLDR)","HSLMDS [k=47] [kQuality=49] (NLDR)","HSLMDS (NLDR)",47,NA,0.78,0.56,1,NA,2.528,0.722,NA,NA,NA,NA,NA,39,26.427,0.678,0.466
"HSLMDS [k=47] [kQuality=50] (NLDR)","HSLMDS [k=47] [kQuality=50] (NLDR)","HSLMDS (NLDR)",47,NA,0.78,0.56,1,NA,6.51,0.722,NA,NA,NA,NA,NA,39,26.411,0.677,0.465
"HSLMDS [k=53] (rNLDR)","HSLMDS [k=53] (rNLDR)","HSLMDS (rNLDR)",53,NA,0.81,0.61,1,NA,355.298,0.722,NA,NA,NA,NA,NA,39,27.573,0.707,0.495
"HSLMDS [k=53] [kQuality=50] (NLDR)","HSLMDS [k=53] [kQuality=50] (NLDR)","HSLMDS (NLDR)",53,NA,0.78,0.56,1,NA,2.471,0.722,NA,NA,NA,NA,NA,37,24.665,0.667,0.466
"HSLMDS [k=53] [kQuality=51] (NLDR)","HSLMDS [k=53] [kQuality=51] (NLDR)","HSLMDS (NLDR)",53,NA,0.78,0.56,1,NA,2.294,0.722,NA,NA,NA,NA,NA,39,26.438,0.678,0.466
"HSLMDS [k=53] [kQuality=52] (NLDR)","HSLMDS [k=53] [kQuality=52] (NLDR)","HSLMDS (NLDR)",53,NA,0.78,0.56,1,NA,2.588,0.722,NA,NA,NA,NA,NA,39,26.443,0.678,0.466
"HSLMDS [k=53] [kQuality=53] (NLDR)","HSLMDS [k=53] [kQuality=53] (NLDR)","HSLMDS (NLDR)",53,NA,0.78,0.56,1,NA,4.413,0.722,NA,NA,NA,NA,NA,39,26.438,0.678,0.466
"HSLMDS [k=53] [kQuality=54] (NLDR)","HSLMDS [k=53] [kQuality=54] (NLDR)","HSLMDS (NLDR)",53,NA,0.78,0.56,1,NA,2.466,0.722,NA,NA,NA,NA,NA,37,24.665,0.667,0.466
"HSLMDS [k=53] [kQuality=55] (NLDR)","HSLMDS [k=53] [kQuality=55] (NLDR)","HSLMDS (NLDR)",53,NA,0.78,0.56,1,NA,3.281,0.722,NA,NA,NA,NA,NA,39,26.427,0.678,0.466
"HSLMDS [k=53] [kQuality=56] (NLDR)","HSLMDS [k=53] [kQuality=56] (NLDR)","HSLMDS (NLDR)",53,NA,0.78,0.56,1,NA,4.334,0.722,NA,NA,NA,NA,NA,39,26.438,0.678,0.466
"HSLMDS [k=59] (rNLDR)","HSLMDS [k=59] (rNLDR)","HSLMDS (rNLDR)",59,NA,0.82,0.64,1,NA,533.621,0.722,NA,NA,NA,NA,NA,39,27.811,0.713,0.501
"HSLMDS [k=59] [kQuality=56] (NLDR)","HSLMDS [k=59] [kQuality=56] (NLDR)","HSLMDS (NLDR)",59,NA,0.79,0.58,1,NA,2.692,0.722,NA,NA,NA,NA,NA,39,26.886,0.689,0.477
"HSLMDS [k=59] [kQuality=57] (NLDR)","HSLMDS [k=59] [kQuality=57] (NLDR)","HSLMDS (NLDR)",59,NA,0.79,0.58,1,NA,2.811,0.722,NA,NA,NA,NA,NA,39,26.886,0.689,0.477
"HSLMDS [k=59] [kQuality=58] (NLDR)","HSLMDS [k=59] [kQuality=58] (NLDR)","HSLMDS (NLDR)",59,NA,0.79,0.58,1,NA,2.412,0.722,NA,NA,NA,NA,NA,39,26.903,0.69,0.478
"HSLMDS [k=59] [kQuality=59] (NLDR)","HSLMDS [k=59] [kQuality=59] (NLDR)","HSLMDS (NLDR)",59,NA,0.79,0.58,1,NA,2.513,0.722,NA,NA,NA,NA,NA,39,26.897,0.69,0.478
"HSLMDS [k=59] [kQuality=60] (NLDR)","HSLMDS [k=59] [kQuality=60] (NLDR)","HSLMDS (NLDR)",59,NA,0.79,0.58,1,NA,2.715,0.722,NA,NA,NA,NA,NA,39,26.886,0.689,0.477
"HSLMDS [k=59] [kQuality=61] (NLDR)","HSLMDS [k=59] [kQuality=61] (NLDR)","HSLMDS (NLDR)",59,NA,0.79,0.58,1,NA,2.51,0.722,NA,NA,NA,NA,NA,39,26.897,0.69,0.478
"HSLMDS [k=59] [kQuality=62] (NLDR)","HSLMDS [k=59] [kQuality=62] (NLDR)","HSLMDS (NLDR)",59,NA,0.79,0.58,1,NA,2.498,0.722,NA,NA,NA,NA,NA,39,26.903,0.69,0.478
"HSLMDS [k=65] (rNLDR)","HSLMDS [k=65] (rNLDR)","HSLMDS (rNLDR)",65,NA,0.82,0.65,1,NA,433.64,0.722,NA,NA,NA,NA,NA,40,29.022,0.726,0.508
"HSLMDS [k=65] [kQuality=62] (NLDR)","HSLMDS [k=65] [kQuality=62] (NLDR)","HSLMDS (NLDR)",65,NA,0.76,0.52,1,NA,10.096,0.722,NA,NA,NA,NA,NA,39,25.081,0.643,0.431
"HSLMDS [k=65] [kQuality=63] (NLDR)","HSLMDS [k=65] [kQuality=63] (NLDR)","HSLMDS (NLDR)",65,NA,0.76,0.52,1,NA,10.193,0.722,NA,NA,NA,NA,NA,39,25.081,0.643,0.431
"HSLMDS [k=65] [kQuality=64] (NLDR)","HSLMDS [k=65] [kQuality=64] (NLDR)","HSLMDS (NLDR)",65,NA,0.76,0.52,1,NA,10.092,0.722,NA,NA,NA,NA,NA,39,25.081,0.643,0.431
"HSLMDS [k=65] [kQuality=65] (NLDR)","HSLMDS [k=65] [kQuality=65] (NLDR)","HSLMDS (NLDR)",65,NA,0.76,0.52,1,NA,10.142,0.722,NA,NA,NA,NA,NA,39,25.081,0.643,0.431
"HSLMDS [k=65] [kQuality=66] (NLDR)","HSLMDS [k=65] [kQuality=66] (NLDR)","HSLMDS (NLDR)",65,NA,0.76,0.52,1,NA,10.131,0.722,NA,NA,NA,NA,NA,39,25.081,0.643,0.431
"HSLMDS [k=65] [kQuality=67] (NLDR)","HSLMDS [k=65] [kQuality=67] (NLDR)","HSLMDS (NLDR)",65,NA,0.76,0.52,1,NA,10.12,0.722,NA,NA,NA,NA,NA,39,25.081,0.643,0.431
"HSLMDS [k=65] [kQuality=68] (NLDR)","HSLMDS [k=65] [kQuality=68] (NLDR)","HSLMDS (NLDR)",65,NA,0.76,0.52,1,NA,10.069,0.722,NA,NA,NA,NA,NA,39,25.081,0.643,0.431
"HSLMDS [k=72] (rNLDR)","HSLMDS [k=72] (rNLDR)","HSLMDS (rNLDR)",72,NA,0.83,0.65,1,NA,439.83,0.722,NA,NA,NA,NA,NA,39,28.405,0.728,0.516
"HSLMDS [k=72] [kQuality=69] (NLDR)","HSLMDS [k=72] [kQuality=69] (NLDR)","HSLMDS (NLDR)",72,NA,0.76,0.52,1,NA,2.43,0.722,NA,NA,NA,NA,NA,37,23.324,0.63,0.429
"HSLMDS [k=72] [kQuality=70] (NLDR)","HSLMDS [k=72] [kQuality=70] (NLDR)","HSLMDS (NLDR)",72,NA,0.76,0.52,1,NA,2.376,0.722,NA,NA,NA,NA,NA,37,23.324,0.63,0.429
"HSLMDS [k=72] [kQuality=71] (NLDR)","HSLMDS [k=72] [kQuality=71] (NLDR)","HSLMDS (NLDR)",72,NA,0.76,0.52,1,NA,2.919,0.722,NA,NA,NA,NA,NA,37,23.341,0.631,0.43
"HSLMDS [k=72] [kQuality=72] (NLDR)","HSLMDS [k=72] [kQuality=72] (NLDR)","HSLMDS (NLDR)",72,NA,0.76,0.52,1,NA,2.951,0.722,NA,NA,NA,NA,NA,37,23.351,0.631,0.43
"HSLMDS [k=72] [kQuality=73] (NLDR)","HSLMDS [k=72] [kQuality=73] (NLDR)","HSLMDS (NLDR)",72,NA,0.76,0.52,1,NA,3.348,0.722,NA,NA,NA,NA,NA,37,23.351,0.631,0.43
"HSLMDS [k=72] [kQuality=74] (NLDR)","HSLMDS [k=72] [kQuality=74] (NLDR)","HSLMDS (NLDR)",72,NA,0.76,0.52,1,NA,2.856,0.722,NA,NA,NA,NA,NA,37,23.341,0.631,0.43
"HSLMDS [k=72] [kQuality=75] (NLDR)","HSLMDS [k=72] [kQuality=75] (NLDR)","HSLMDS (NLDR)",72,NA,0.76,0.52,1,NA,2.368,0.722,NA,NA,NA,NA,NA,37,23.324,0.63,0.429
"HSLMDS [k=78] (rNLDR)","HSLMDS [k=78] (rNLDR)","HSLMDS (rNLDR)",78,NA,0.83,0.65,1,NA,432.258,0.722,NA,NA,NA,NA,NA,39,28.422,0.729,0.517
"HSLMDS [k=78] [kQuality=75] (NLDR)","HSLMDS [k=78] [kQuality=75] (NLDR)","HSLMDS (NLDR)",78,NA,0.77,0.53,1,NA,3.904,0.722,NA,NA,NA,NA,NA,39,24.989,0.641,0.429
"HSLMDS [k=78] [kQuality=76] (NLDR)","HSLMDS [k=78] [kQuality=76] (NLDR)","HSLMDS (NLDR)",78,NA,0.77,0.53,1,NA,12.487,0.722,NA,NA,NA,NA,NA,39,25,0.641,0.429
"HSLMDS [k=78] [kQuality=77] (NLDR)","HSLMDS [k=78] [kQuality=77] (NLDR)","HSLMDS (NLDR)",78,NA,0.77,0.53,1,NA,12.538,0.722,NA,NA,NA,NA,NA,39,25,0.641,0.429
"HSLMDS [k=78] [kQuality=78] (NLDR)","HSLMDS [k=78] [kQuality=78] (NLDR)","HSLMDS (NLDR)",78,NA,0.77,0.53,1,NA,12.589,0.722,NA,NA,NA,NA,NA,39,25,0.641,0.429
"HSLMDS [k=78] [kQuality=79] (NLDR)","HSLMDS [k=78] [kQuality=79] (NLDR)","HSLMDS (NLDR)",78,NA,0.77,0.53,1,NA,3.185,0.722,NA,NA,NA,NA,NA,39,25,0.641,0.429
"HSLMDS [k=78] [kQuality=80] (NLDR)","HSLMDS [k=78] [kQuality=80] (NLDR)","HSLMDS (NLDR)",78,NA,0.77,0.53,1,NA,3.08,0.722,NA,NA,NA,NA,NA,39,25,0.641,0.429
"HSLMDS [k=78] [kQuality=81] (NLDR)","HSLMDS [k=78] [kQuality=81] (NLDR)","HSLMDS (NLDR)",78,NA,0.77,0.53,1,NA,6.661,0.722,NA,NA,NA,NA,NA,37,23.319,0.63,0.429
"HSLMDS [k=84] (rNLDR)","HSLMDS [k=84] (rNLDR)","HSLMDS (rNLDR)",84,NA,0.83,0.65,1,NA,418.486,0.722,NA,NA,NA,NA,NA,39,28.405,0.728,0.516
"HSLMDS [k=84] [kQuality=81] (NLDR)","HSLMDS [k=84] [kQuality=81] (NLDR)","HSLMDS (NLDR)",84,NA,0.77,0.54,1,NA,7.177,0.648,NA,NA,NA,NA,NA,39,25.254,0.648,0.436
"HSLMDS [k=84] [kQuality=82] (NLDR)","HSLMDS [k=84] [kQuality=82] (NLDR)","HSLMDS (NLDR)",84,NA,0.77,0.54,1,NA,7.201,0.648,NA,NA,NA,NA,NA,39,25.254,0.648,0.436
"HSLMDS [k=84] [kQuality=83] (NLDR)","HSLMDS [k=84] [kQuality=83] (NLDR)","HSLMDS (NLDR)",84,NA,0.77,0.54,1,NA,7.223,0.648,NA,NA,NA,NA,NA,39,25.254,0.648,0.436
"HSLMDS [k=84] [kQuality=84] (NLDR)","HSLMDS [k=84] [kQuality=84] (NLDR)","HSLMDS (NLDR)",84,NA,0.77,0.54,1,NA,7.227,0.648,NA,NA,NA,NA,NA,39,25.254,0.648,0.436
"HSLMDS [k=84] [kQuality=85] (NLDR)","HSLMDS [k=84] [kQuality=85] (NLDR)","HSLMDS (NLDR)",84,NA,0.77,0.54,1,NA,7.312,0.648,NA,NA,NA,NA,NA,39,25.254,0.648,0.436
"HSLMDS [k=84] [kQuality=86] (NLDR)","HSLMDS [k=84] [kQuality=86] (NLDR)","HSLMDS (NLDR)",84,NA,0.77,0.54,1,NA,7.221,0.648,NA,NA,NA,NA,NA,39,25.254,0.648,0.436
"HSLMDS [k=84] [kQuality=87] (NLDR)","HSLMDS [k=84] [kQuality=87] (NLDR)","HSLMDS (NLDR)",84,NA,0.77,0.54,1,NA,7.321,0.648,NA,NA,NA,NA,NA,39,25.254,0.648,0.436
"HSLMDS [k=9] (rNLDR)","HSLMDS [k=9] (rNLDR)","HSLMDS (rNLDR)",9,NA,0.75,0.5,1,NA,446.901,0.722,NA,NA,NA,NA,NA,35,20.822,0.595,0.405
"HSLMDS [k=9] [kQuality=10] (NLDR)","HSLMDS [k=9] [kQuality=10] (NLDR)","HSLMDS (NLDR)",9,NA,0.73,0.46,1,NA,21.763,0.722,NA,NA,NA,NA,NA,39,22.93,0.588,0.376
"HSLMDS [k=9] [kQuality=11] (NLDR)","HSLMDS [k=9] [kQuality=11] (NLDR)","HSLMDS (NLDR)",9,NA,0.73,0.46,1,NA,21.713,0.722,NA,NA,NA,NA,NA,39,22.93,0.588,0.376
"HSLMDS [k=9] [kQuality=12] (NLDR)","HSLMDS [k=9] [kQuality=12] (NLDR)","HSLMDS (NLDR)",9,NA,0.73,0.46,1,NA,21.743,0.722,NA,NA,NA,NA,NA,39,22.93,0.588,0.376
"HSLMDS [k=9] [kQuality=6] (NLDR)","HSLMDS [k=9] [kQuality=6] (NLDR)","HSLMDS (NLDR)",9,NA,0.73,0.46,1,NA,21.927,0.722,NA,NA,NA,NA,NA,39,22.93,0.588,0.376
"HSLMDS [k=9] [kQuality=7] (NLDR)","HSLMDS [k=9] [kQuality=7] (NLDR)","HSLMDS (NLDR)",9,NA,0.73,0.46,1,NA,21.786,0.722,NA,NA,NA,NA,NA,39,22.93,0.588,0.376
"HSLMDS [k=9] [kQuality=8] (NLDR)","HSLMDS [k=9] [kQuality=8] (NLDR)","HSLMDS (NLDR)",9,NA,0.73,0.46,1,NA,21.89,0.722,NA,NA,NA,NA,NA,39,22.93,0.588,0.376
"HSLMDS [k=9] [kQuality=9] (NLDR)","HSLMDS [k=9] [kQuality=9] (NLDR)","HSLMDS (NLDR)",9,NA,0.73,0.46,1,NA,21.841,0.722,NA,NA,NA,NA,NA,39,22.93,0.588,0.376
"HSLMDS [k=90] (rNLDR)","HSLMDS [k=90] (rNLDR)","HSLMDS (rNLDR)",90,NA,0.83,0.66,1,NA,372.052,0.722,NA,NA,NA,NA,NA,39,28.449,0.729,0.517
"HSLMDS [k=90] [kQuality=87] (NLDR)","HSLMDS [k=90] [kQuality=87] (NLDR)","HSLMDS (NLDR)",90,NA,0.77,0.55,1,NA,11.55,0.722,NA,NA,NA,NA,NA,39,25.524,0.654,0.443
"HSLMDS [k=90] [kQuality=88] (NLDR)","HSLMDS [k=90] [kQuality=88] (NLDR)","HSLMDS (NLDR)",90,NA,0.77,0.55,1,NA,2.743,0.722,NA,NA,NA,NA,NA,39,25.524,0.654,0.443
"HSLMDS [k=90] [kQuality=89] (NLDR)","HSLMDS [k=90] [kQuality=89] (NLDR)","HSLMDS (NLDR)",90,NA,0.77,0.55,1,NA,9.661,0.722,NA,NA,NA,NA,NA,39,25.524,0.654,0.443
"HSLMDS [k=90] [kQuality=90] (NLDR)","HSLMDS [k=90] [kQuality=90] (NLDR)","HSLMDS (NLDR)",90,NA,0.77,0.55,1,NA,9.448,0.722,NA,NA,NA,NA,NA,39,25.524,0.654,0.443
"HSLMDS [k=90] [kQuality=91] (NLDR)","HSLMDS [k=90] [kQuality=91] (NLDR)","HSLMDS (NLDR)",90,NA,0.77,0.55,1,NA,2.713,0.722,NA,NA,NA,NA,NA,39,25.524,0.654,0.443
"HSLMDS [k=90] [kQuality=92] (NLDR)","HSLMDS [k=90] [kQuality=92] (NLDR)","HSLMDS (NLDR)",90,NA,0.77,0.55,1,NA,2.817,0.722,NA,NA,NA,NA,NA,39,25.524,0.654,0.443
"HSLMDS [k=90] [kQuality=93] (NLDR)","HSLMDS [k=90] [kQuality=93] (NLDR)","HSLMDS (NLDR)",90,NA,0.77,0.55,1,NA,2.726,0.722,NA,NA,NA,NA,NA,39,25.524,0.654,0.443
"HSLMDS [k=97] (rNLDR)","HSLMDS [k=97] (rNLDR)","HSLMDS (rNLDR)",97,NA,0.83,0.66,1,NA,367.597,0.722,NA,NA,NA,NA,NA,39,28.476,0.73,0.518
"HSLMDS [k=97] [kQuality=100] (NLDR)","HSLMDS [k=97] [kQuality=100] (NLDR)","HSLMDS (NLDR)",97,NA,0.78,0.57,1,NA,5.934,0.722,NA,NA,NA,NA,NA,39,25.222,0.647,0.435
"HSLMDS [k=97] [kQuality=94] (NLDR)","HSLMDS [k=97] [kQuality=94] (NLDR)","HSLMDS (NLDR)",97,NA,0.78,0.57,1,NA,6.558,0.722,NA,NA,NA,NA,NA,42,27.73,0.66,0.432
"HSLMDS [k=97] [kQuality=95] (NLDR)","HSLMDS [k=97] [kQuality=95] (NLDR)","HSLMDS (NLDR)",97,NA,0.78,0.57,1,NA,6.568,0.704,NA,NA,NA,NA,NA,41,26.989,0.658,0.435
"HSLMDS [k=97] [kQuality=96] (NLDR)","HSLMDS [k=97] [kQuality=96] (NLDR)","HSLMDS (NLDR)",97,NA,0.78,0.57,1,NA,6.592,0.722,NA,NA,NA,NA,NA,42,27.73,0.66,0.432
"HSLMDS [k=97] [kQuality=97] (NLDR)","HSLMDS [k=97] [kQuality=97] (NLDR)","HSLMDS (NLDR)",97,NA,0.78,0.57,1,NA,6.607,0.722,NA,NA,NA,NA,NA,42,27.73,0.66,0.432
"HSLMDS [k=97] [kQuality=98] (NLDR)","HSLMDS [k=97] [kQuality=98] (NLDR)","HSLMDS (NLDR)",97,NA,0.78,0.57,1,NA,6.526,0.722,NA,NA,NA,NA,NA,42,27.73,0.66,0.432
"HSLMDS [k=97] [kQuality=99] (NLDR)","HSLMDS [k=97] [kQuality=99] (NLDR)","HSLMDS (NLDR)",97,NA,0.78,0.57,1,NA,6.547,0.704,NA,NA,NA,NA,NA,41,26.989,0.658,0.435
"HSMDS (NLDR)","HSMDS (NLDR)","HSMDS (NLDR)",NA,NA,0.83,0.66,3,0.001,14.476,0.722,NA,NA,NA,NA,NA,39,28.665,0.735,0.523
"Isomap [k=103]","Isomap [k=103]","Isomap",103,NA,0.79,0.59,1,NA,1.357,0.704,NA,NA,NA,NA,NA,40,27.308,0.683,0.465
"Isomap [k=109]","Isomap [k=109]","Isomap",109,NA,0.8,0.59,1,NA,1.532,0.685,NA,NA,NA,NA,NA,39,26.195,0.672,0.46
"Isomap [k=115]","Isomap [k=115]","Isomap",115,NA,0.8,0.59,1,NA,1.386,0.722,NA,NA,NA,NA,NA,40,26.973,0.674,0.457
"Isomap [k=122]","Isomap [k=122]","Isomap",122,NA,0.8,0.6,1,NA,1.58,0.704,NA,NA,NA,NA,NA,40,27.092,0.677,0.46
"Isomap [k=128]","Isomap [k=128]","Isomap",128,NA,0.8,0.6,1,NA,1.411,0.722,NA,NA,NA,NA,NA,41,27.919,0.681,0.458
"Isomap [k=134]","Isomap [k=134]","Isomap",134,NA,0.8,0.6,1,NA,1.607,0.722,NA,NA,NA,NA,NA,42,28.984,0.69,0.462
"Isomap [k=140]","Isomap [k=140]","Isomap",140,NA,0.8,0.6,1,NA,1.42,0.722,NA,NA,NA,NA,NA,42,29.011,0.691,0.462
"Isomap [k=147]","Isomap [k=147]","Isomap",147,NA,0.8,0.6,1,NA,1.438,0.722,NA,NA,NA,NA,NA,39,26.686,0.684,0.472
"Isomap [k=15]","Isomap [k=15]","Isomap",15,NA,0.77,0.55,1,NA,1.012,0.722,NA,NA,NA,NA,NA,40,26.373,0.659,0.442
"Isomap [k=153]","Isomap [k=153]","Isomap",153,NA,0.8,0.6,1,NA,1.628,0.722,NA,NA,NA,NA,NA,39,26.697,0.685,0.473
"Isomap [k=159]","Isomap [k=159]","Isomap",159,NA,0.8,0.6,1,NA,1.631,0.722,NA,NA,NA,NA,NA,40,27.616,0.69,0.473
"Isomap [k=165]","Isomap [k=165]","Isomap",165,NA,0.8,0.59,1,NA,1.64,0.722,NA,NA,NA,NA,NA,40,27.4,0.685,0.468
"Isomap [k=172]","Isomap [k=172]","Isomap",172,NA,0.79,0.58,1,NA,1.618,0.722,NA,NA,NA,NA,NA,40,26.778,0.669,0.452
"Isomap [k=178]","Isomap [k=178]","Isomap",178,NA,0.79,0.58,1,NA,1.456,0.722,NA,NA,NA,NA,NA,39,26.076,0.669,0.457
"Isomap [k=184]","Isomap [k=184]","Isomap",184,NA,0.79,0.57,1,NA,1.462,0.704,NA,NA,NA,NA,NA,34,21.762,0.64,0.455
"Isomap [k=22]","Isomap [k=22]","Isomap",22,NA,0.78,0.55,1,NA,1.195,0.722,NA,NA,NA,NA,NA,43,29.097,0.677,0.443
"Isomap [k=28]","Isomap [k=28]","Isomap",28,NA,0.78,0.55,1,NA,1.105,0.704,NA,NA,NA,NA,NA,35,22.351,0.639,0.448
"Isomap [k=3]","Isomap [k=3]","Isomap",3,NA,0.75,0.49,1,NA,0.863,0.704,NA,NA,NA,NA,NA,38,22.978,0.605,0.398
"Isomap [k=34]","Isomap [k=34]","Isomap",34,NA,0.78,0.56,1,NA,1.138,0.722,NA,NA,NA,NA,NA,35,22.492,0.643,0.452
"Isomap [k=40]","Isomap [k=40]","Isomap",40,NA,0.78,0.56,1,NA,1.165,0.722,NA,NA,NA,NA,NA,37,24.189,0.654,0.453
"Isomap [k=47]","Isomap [k=47]","Isomap",47,NA,0.78,0.56,1,NA,1.344,0.722,NA,NA,NA,NA,NA,34,21.795,0.641,0.456
"Isomap [k=53]","Isomap [k=53]","Isomap",53,NA,0.78,0.56,1,NA,1.209,0.722,NA,NA,NA,NA,NA,39,26.319,0.675,0.463
"Isomap [k=59]","Isomap [k=59]","Isomap",59,NA,0.78,0.56,1,NA,1.236,0.722,NA,NA,NA,NA,NA,39,26.395,0.677,0.465
"Isomap [k=65]","Isomap [k=65]","Isomap",65,NA,0.78,0.56,1,NA,1.294,0.722,NA,NA,NA,NA,NA,39,26.416,0.677,0.465
"Isomap [k=72]","Isomap [k=72]","Isomap",72,NA,0.78,0.56,1,NA,1.274,0.685,NA,NA,NA,NA,NA,39,26.378,0.676,0.464
"Isomap [k=78]","Isomap [k=78]","Isomap",78,NA,0.78,0.56,1,NA,1.303,0.722,NA,NA,NA,NA,NA,39,26.389,0.677,0.465
"Isomap [k=84]","Isomap [k=84]","Isomap",84,NA,0.79,0.57,1,NA,1.477,0.704,NA,NA,NA,NA,NA,39,26.546,0.681,0.469
"Isomap [k=9]","Isomap [k=9]","Isomap",9,NA,0.77,0.53,1,NA,0.941,0.722,NA,NA,NA,NA,NA,37,23.373,0.632,0.431
"Isomap [k=90]","Isomap [k=90]","Isomap",90,NA,0.79,0.57,1,NA,1.327,0.722,NA,NA,NA,NA,NA,40,27.427,0.686,0.468
"Isomap [k=97]","Isomap [k=97]","Isomap",97,NA,0.79,0.58,1,NA,1.519,0.722,NA,NA,NA,NA,NA,39,26.519,0.68,0.468
"kPCA","kPCA","kPCA",NA,NA,0.51,0.02,3,0,0.226,0.722,NA,NA,NA,NA,NA,64,23.503,0.367,0.019
"LMDS [k=103] (rNLDR)","LMDS [k=103] (rNLDR)","LMDS (rNLDR)",103,NA,0.82,0.64,1,NA,128.32,0.722,NA,NA,NA,NA,NA,40,28.897,0.722,0.505
"LMDS [k=103] (smacofx)","LMDS [k=103] (smacofx)","LMDS (smacofx)",103,NA,0.63,0.25,1,NA,6.526,0.722,NA,NA,NA,NA,NA,34,12.811,0.377,0.192
"LMDS [k=103] [kQuality=100] (NLDR)","LMDS [k=103] [kQuality=100] (NLDR)","LMDS (NLDR)",103,NA,0.81,0.62,1,NA,1.329,0.722,NA,NA,NA,NA,NA,39,27.265,0.699,0.487
"LMDS [k=103] [kQuality=101] (NLDR)","LMDS [k=103] [kQuality=101] (NLDR)","LMDS (NLDR)",103,NA,0.81,0.62,1,NA,1.362,0.722,NA,NA,NA,NA,NA,39,27.265,0.699,0.487
"LMDS [k=103] [kQuality=102] (NLDR)","LMDS [k=103] [kQuality=102] (NLDR)","LMDS (NLDR)",103,NA,0.81,0.62,1,NA,1.348,0.722,NA,NA,NA,NA,NA,39,27.265,0.699,0.487
"LMDS [k=103] [kQuality=103] (NLDR)","LMDS [k=103] [kQuality=103] (NLDR)","LMDS (NLDR)",103,NA,0.81,0.62,1,NA,1.367,0.722,NA,NA,NA,NA,NA,39,27.265,0.699,0.487
"LMDS [k=103] [kQuality=104] (NLDR)","LMDS [k=103] [kQuality=104] (NLDR)","LMDS (NLDR)",103,NA,0.81,0.62,1,NA,1.367,0.722,NA,NA,NA,NA,NA,39,27.265,0.699,0.487
"LMDS [k=103] [kQuality=105] (NLDR)","LMDS [k=103] [kQuality=105] (NLDR)","LMDS (NLDR)",103,NA,0.81,0.62,1,NA,1.361,0.722,NA,NA,NA,NA,NA,39,27.265,0.699,0.487
"LMDS [k=103] [kQuality=106] (NLDR)","LMDS [k=103] [kQuality=106] (NLDR)","LMDS (NLDR)",103,NA,0.81,0.62,1,NA,1.314,0.722,NA,NA,NA,NA,NA,39,27.265,0.699,0.487
"LMDS [k=109] (rNLDR)","LMDS [k=109] (rNLDR)","LMDS (rNLDR)",109,NA,0.82,0.64,1,NA,160.415,0.722,NA,NA,NA,NA,NA,39,27.843,0.714,0.502
"LMDS [k=109] (smacofx)","LMDS [k=109] (smacofx)","LMDS (smacofx)",109,NA,0.63,0.25,1,NA,12.599,0.722,NA,NA,NA,NA,NA,34,12.811,0.377,0.192
"LMDS [k=109] [kQuality=106] (NLDR)","LMDS [k=109] [kQuality=106] (NLDR)","LMDS (NLDR)",109,NA,0.81,0.62,1,NA,1.327,0.722,NA,NA,NA,NA,NA,39,27.114,0.695,0.483
"LMDS [k=109] [kQuality=107] (NLDR)","LMDS [k=109] [kQuality=107] (NLDR)","LMDS (NLDR)",109,NA,0.73,0.45,1,NA,29.632,0.722,NA,NA,NA,NA,NA,39,21.238,0.545,0.333
"LMDS [k=109] [kQuality=108] (NLDR)","LMDS [k=109] [kQuality=108] (NLDR)","LMDS (NLDR)",109,NA,0.73,0.45,1,NA,29.727,0.722,NA,NA,NA,NA,NA,39,21.238,0.545,0.333
"LMDS [k=109] [kQuality=109] (NLDR)","LMDS [k=109] [kQuality=109] (NLDR)","LMDS (NLDR)",109,NA,0.73,0.45,1,NA,29.649,0.722,NA,NA,NA,NA,NA,39,21.238,0.545,0.333
"LMDS [k=109] [kQuality=110] (NLDR)","LMDS [k=109] [kQuality=110] (NLDR)","LMDS (NLDR)",109,NA,0.73,0.45,1,NA,29.79,0.722,NA,NA,NA,NA,NA,39,21.238,0.545,0.333
"LMDS [k=109] [kQuality=111] (NLDR)","LMDS [k=109] [kQuality=111] (NLDR)","LMDS (NLDR)",109,NA,0.73,0.45,1,NA,29.66,0.722,NA,NA,NA,NA,NA,39,21.238,0.545,0.333
"LMDS [k=109] [kQuality=112] (NLDR)","LMDS [k=109] [kQuality=112] (NLDR)","LMDS (NLDR)",109,NA,0.73,0.45,1,NA,29.718,0.722,NA,NA,NA,NA,NA,39,21.238,0.545,0.333
"LMDS [k=115] (rNLDR)","LMDS [k=115] (rNLDR)","LMDS (rNLDR)",115,NA,0.82,0.64,1,NA,138.8,0.722,NA,NA,NA,NA,NA,42,30.789,0.733,0.505
"LMDS [k=115] (smacofx)","LMDS [k=115] (smacofx)","LMDS (smacofx)",115,NA,0.63,0.25,1,NA,7.119,0.722,NA,NA,NA,NA,NA,34,12.811,0.377,0.192
"LMDS [k=115] [kQuality=112] (NLDR)","LMDS [k=115] [kQuality=112] (NLDR)","LMDS (NLDR)",115,NA,0.79,0.59,1,NA,1.597,0.722,NA,NA,NA,NA,NA,34,21.697,0.638,0.453
"LMDS [k=115] [kQuality=113] (NLDR)","LMDS [k=115] [kQuality=113] (NLDR)","LMDS (NLDR)",115,NA,0.79,0.59,1,NA,1.612,0.722,NA,NA,NA,NA,NA,34,21.697,0.638,0.453
"LMDS [k=115] [kQuality=114] (NLDR)","LMDS [k=115] [kQuality=114] (NLDR)","LMDS (NLDR)",115,NA,0.79,0.59,1,NA,1.599,0.722,NA,NA,NA,NA,NA,34,21.697,0.638,0.453
"LMDS [k=115] [kQuality=115] (NLDR)","LMDS [k=115] [kQuality=115] (NLDR)","LMDS (NLDR)",115,NA,0.79,0.59,1,NA,1.565,0.722,NA,NA,NA,NA,NA,34,21.697,0.638,0.453
"LMDS [k=115] [kQuality=116] (NLDR)","LMDS [k=115] [kQuality=116] (NLDR)","LMDS (NLDR)",115,NA,0.79,0.59,1,NA,1.575,0.722,NA,NA,NA,NA,NA,34,21.697,0.638,0.453
"LMDS [k=115] [kQuality=117] (NLDR)","LMDS [k=115] [kQuality=117] (NLDR)","LMDS (NLDR)",115,NA,0.79,0.59,1,NA,1.633,0.722,NA,NA,NA,NA,NA,34,21.697,0.638,0.453
"LMDS [k=115] [kQuality=118] (NLDR)","LMDS [k=115] [kQuality=118] (NLDR)","LMDS (NLDR)",115,NA,0.79,0.59,1,NA,1.607,0.722,NA,NA,NA,NA,NA,34,21.697,0.638,0.453
"LMDS [k=122] (rNLDR)","LMDS [k=122] (rNLDR)","LMDS (rNLDR)",122,NA,0.81,0.63,1,NA,122.463,0.722,NA,NA,NA,NA,NA,40,28.254,0.706,0.489
"LMDS [k=122] (smacofx)","LMDS [k=122] (smacofx)","LMDS (smacofx)",122,NA,0.63,0.25,1,NA,6.848,0.722,NA,NA,NA,NA,NA,34,12.811,0.377,0.192
"LMDS [k=122] [kQuality=119] (NLDR)","LMDS [k=122] [kQuality=119] (NLDR)","LMDS (NLDR)",122,NA,0.8,0.59,1,NA,1.679,0.722,NA,NA,NA,NA,NA,39,26.054,0.668,0.456
"LMDS [k=122] [kQuality=120] (NLDR)","LMDS [k=122] [kQuality=120] (NLDR)","LMDS (NLDR)",122,NA,0.8,0.59,1,NA,1.676,0.722,NA,NA,NA,NA,NA,39,26.054,0.668,0.456
"LMDS [k=122] [kQuality=121] (NLDR)","LMDS [k=122] [kQuality=121] (NLDR)","LMDS (NLDR)",122,NA,0.8,0.59,1,NA,1.695,0.722,NA,NA,NA,NA,NA,39,26.054,0.668,0.456
"LMDS [k=122] [kQuality=122] (NLDR)","LMDS [k=122] [kQuality=122] (NLDR)","LMDS (NLDR)",122,NA,0.8,0.59,1,NA,1.673,0.722,NA,NA,NA,NA,NA,39,26.054,0.668,0.456
"LMDS [k=122] [kQuality=123] (NLDR)","LMDS [k=122] [kQuality=123] (NLDR)","LMDS (NLDR)",122,NA,0.8,0.59,1,NA,1.735,0.722,NA,NA,NA,NA,NA,39,26.054,0.668,0.456
"LMDS [k=122] [kQuality=124] (NLDR)","LMDS [k=122] [kQuality=124] (NLDR)","LMDS (NLDR)",122,NA,0.8,0.59,1,NA,1.661,0.722,NA,NA,NA,NA,NA,39,26.054,0.668,0.456
"LMDS [k=122] [kQuality=125] (NLDR)","LMDS [k=122] [kQuality=125] (NLDR)","LMDS (NLDR)",122,NA,0.8,0.59,1,NA,1.689,0.722,NA,NA,NA,NA,NA,39,26.054,0.668,0.456
"LMDS [k=128] (rNLDR)","LMDS [k=128] (rNLDR)","LMDS (rNLDR)",128,NA,0.82,0.63,1,NA,825.722,0.741,NA,NA,NA,NA,NA,41,29.432,0.718,0.495
"LMDS [k=128] (smacofx)","LMDS [k=128] (smacofx)","LMDS (smacofx)",128,NA,0.63,0.25,1,NA,9.52,0.722,NA,NA,NA,NA,NA,34,12.811,0.377,0.192
"LMDS [k=128] [kQuality=125] (NLDR)","LMDS [k=128] [kQuality=125] (NLDR)","LMDS (NLDR)",128,NA,0.77,0.54,1,NA,1.56,0.722,NA,NA,NA,NA,NA,29,16.032,0.553,0.395
"LMDS [k=128] [kQuality=126] (NLDR)","LMDS [k=128] [kQuality=126] (NLDR)","LMDS (NLDR)",128,NA,0.77,0.54,1,NA,1.54,0.722,NA,NA,NA,NA,NA,29,16.032,0.553,0.395
"LMDS [k=128] [kQuality=127] (NLDR)","LMDS [k=128] [kQuality=127] (NLDR)","LMDS (NLDR)",128,NA,0.77,0.54,1,NA,1.6,0.722,NA,NA,NA,NA,NA,29,16.032,0.553,0.395
"LMDS [k=128] [kQuality=128] (NLDR)","LMDS [k=128] [kQuality=128] (NLDR)","LMDS (NLDR)",128,NA,0.77,0.54,1,NA,1.602,0.722,NA,NA,NA,NA,NA,29,16.032,0.553,0.395
"LMDS [k=128] [kQuality=129] (NLDR)","LMDS [k=128] [kQuality=129] (NLDR)","LMDS (NLDR)",128,NA,0.77,0.54,1,NA,1.567,0.722,NA,NA,NA,NA,NA,29,16.032,0.553,0.395
"LMDS [k=128] [kQuality=130] (NLDR)","LMDS [k=128] [kQuality=130] (NLDR)","LMDS (NLDR)",128,NA,0.77,0.54,1,NA,1.55,0.722,NA,NA,NA,NA,NA,29,16.032,0.553,0.395
"LMDS [k=128] [kQuality=131] (NLDR)","LMDS [k=128] [kQuality=131] (NLDR)","LMDS (NLDR)",128,NA,0.77,0.54,1,NA,1.603,0.722,NA,NA,NA,NA,NA,29,16.032,0.553,0.395
"LMDS [k=134] (rNLDR)","LMDS [k=134] (rNLDR)","LMDS (rNLDR)",134,NA,0.82,0.63,1,NA,150.487,0.722,NA,NA,NA,NA,NA,40,28.432,0.711,0.493
"LMDS [k=134] (smacofx)","LMDS [k=134] (smacofx)","LMDS (smacofx)",134,NA,0.63,0.25,1,NA,9.373,0.722,NA,NA,NA,NA,NA,34,12.811,0.377,0.192
"LMDS [k=134] [kQuality=131] (NLDR)","LMDS [k=134] [kQuality=131] (NLDR)","LMDS (NLDR)",134,NA,0.78,0.56,1,NA,3.497,0.704,NA,NA,NA,NA,NA,50,34.222,0.684,0.413
"LMDS [k=134] [kQuality=132] (NLDR)","LMDS [k=134] [kQuality=132] (NLDR)","LMDS (NLDR)",134,NA,0.78,0.56,1,NA,3.552,0.704,NA,NA,NA,NA,NA,50,34.222,0.684,0.413
"LMDS [k=134] [kQuality=133] (NLDR)","LMDS [k=134] [kQuality=133] (NLDR)","LMDS (NLDR)",134,NA,0.78,0.56,1,NA,3.527,0.704,NA,NA,NA,NA,NA,50,34.222,0.684,0.413
"LMDS [k=134] [kQuality=134] (NLDR)","LMDS [k=134] [kQuality=134] (NLDR)","LMDS (NLDR)",134,NA,0.78,0.56,1,NA,3.493,0.704,NA,NA,NA,NA,NA,50,34.222,0.684,0.413
"LMDS [k=134] [kQuality=135] (NLDR)","LMDS [k=134] [kQuality=135] (NLDR)","LMDS (NLDR)",134,NA,0.78,0.56,1,NA,3.571,0.704,NA,NA,NA,NA,NA,50,34.222,0.684,0.413
"LMDS [k=134] [kQuality=136] (NLDR)","LMDS [k=134] [kQuality=136] (NLDR)","LMDS (NLDR)",134,NA,0.78,0.56,1,NA,3.498,0.704,NA,NA,NA,NA,NA,50,34.222,0.684,0.413
"LMDS [k=134] [kQuality=137] (NLDR)","LMDS [k=134] [kQuality=137] (NLDR)","LMDS (NLDR)",134,NA,0.78,0.56,1,NA,3.651,0.704,NA,NA,NA,NA,NA,50,34.222,0.684,0.413
"LMDS [k=140] (rNLDR)","LMDS [k=140] (rNLDR)","LMDS (rNLDR)",140,NA,0.78,0.57,1,NA,180.315,0.722,NA,NA,NA,NA,NA,44,29.405,0.668,0.429
"LMDS [k=140] (smacofx)","LMDS [k=140] (smacofx)","LMDS (smacofx)",140,NA,0.63,0.25,1,NA,4.908,0.722,NA,NA,NA,NA,NA,34,12.811,0.377,0.192
"LMDS [k=140] [kQuality=137] (NLDR)","LMDS [k=140] [kQuality=137] (NLDR)","LMDS (NLDR)",140,NA,0.79,0.57,1,NA,27.822,0.722,NA,NA,NA,NA,NA,50,35.157,0.703,0.431
"LMDS [k=140] [kQuality=138] (NLDR)","LMDS [k=140] [kQuality=138] (NLDR)","LMDS (NLDR)",140,NA,0.79,0.57,1,NA,27.765,0.722,NA,NA,NA,NA,NA,50,35.157,0.703,0.431
"LMDS [k=140] [kQuality=139] (NLDR)","LMDS [k=140] [kQuality=139] (NLDR)","LMDS (NLDR)",140,NA,0.79,0.57,1,NA,27.819,0.722,NA,NA,NA,NA,NA,50,35.157,0.703,0.431
"LMDS [k=140] [kQuality=140] (NLDR)","LMDS [k=140] [kQuality=140] (NLDR)","LMDS (NLDR)",140,NA,0.79,0.57,1,NA,27.76,0.722,NA,NA,NA,NA,NA,50,35.157,0.703,0.431
"LMDS [k=140] [kQuality=141] (NLDR)","LMDS [k=140] [kQuality=141] (NLDR)","LMDS (NLDR)",140,NA,0.79,0.57,1,NA,27.863,0.722,NA,NA,NA,NA,NA,50,35.157,0.703,0.431
"LMDS [k=140] [kQuality=142] (NLDR)","LMDS [k=140] [kQuality=142] (NLDR)","LMDS (NLDR)",140,NA,0.79,0.57,1,NA,27.847,0.722,NA,NA,NA,NA,NA,50,35.157,0.703,0.431
"LMDS [k=140] [kQuality=143] (NLDR)","LMDS [k=140] [kQuality=143] (NLDR)","LMDS (NLDR)",140,NA,0.79,0.57,1,NA,27.817,0.722,NA,NA,NA,NA,NA,50,35.157,0.703,0.431
"LMDS [k=147] (rNLDR)","LMDS [k=147] (rNLDR)","LMDS (rNLDR)",147,NA,0.78,0.55,1,NA,549.269,0.722,NA,NA,NA,NA,NA,50,34.919,0.698,0.427
"LMDS [k=147] (smacofx)","LMDS [k=147] (smacofx)","LMDS (smacofx)",147,NA,0.63,0.25,1,NA,4.338,0.722,NA,NA,NA,NA,NA,34,12.811,0.377,0.192
"LMDS [k=147] [kQuality=144] (NLDR)","LMDS [k=147] [kQuality=144] (NLDR)","LMDS (NLDR)",147,NA,0.8,0.59,1,NA,2.349,0.722,NA,NA,NA,NA,NA,47,33.568,0.714,0.459
"LMDS [k=147] [kQuality=145] (NLDR)","LMDS [k=147] [kQuality=145] (NLDR)","LMDS (NLDR)",147,NA,0.8,0.59,1,NA,2.308,0.722,NA,NA,NA,NA,NA,47,33.568,0.714,0.459
"LMDS [k=147] [kQuality=146] (NLDR)","LMDS [k=147] [kQuality=146] (NLDR)","LMDS (NLDR)",147,NA,0.8,0.59,1,NA,2.33,0.722,NA,NA,NA,NA,NA,47,33.568,0.714,0.459
"LMDS [k=147] [kQuality=147] (NLDR)","LMDS [k=147] [kQuality=147] (NLDR)","LMDS (NLDR)",147,NA,0.8,0.59,1,NA,2.374,0.722,NA,NA,NA,NA,NA,47,33.568,0.714,0.459
"LMDS [k=147] [kQuality=148] (NLDR)","LMDS [k=147] [kQuality=148] (NLDR)","LMDS (NLDR)",147,NA,0.8,0.59,1,NA,2.384,0.722,NA,NA,NA,NA,NA,47,33.568,0.714,0.459
"LMDS [k=147] [kQuality=149] (NLDR)","LMDS [k=147] [kQuality=149] (NLDR)","LMDS (NLDR)",147,NA,0.8,0.59,1,NA,2.309,0.722,NA,NA,NA,NA,NA,47,33.568,0.714,0.459
"LMDS [k=147] [kQuality=150] (NLDR)","LMDS [k=147] [kQuality=150] (NLDR)","LMDS (NLDR)",147,NA,0.8,0.59,1,NA,2.304,0.722,NA,NA,NA,NA,NA,47,33.568,0.714,0.459
"LMDS [k=15] (rNLDR)","LMDS [k=15] (rNLDR)","LMDS (rNLDR)",15,NA,0.78,0.56,1,NA,196.681,0.722,NA,NA,NA,NA,NA,34,21.919,0.645,0.46
"LMDS [k=15] (smacofx)","LMDS [k=15] (smacofx)","LMDS (smacofx)",15,NA,0.63,0.25,1,NA,24.354,0.722,NA,NA,NA,NA,NA,34,12.811,0.377,0.192
"LMDS [k=15] [kQuality=12] (NLDR)","LMDS [k=15] [kQuality=12] (NLDR)","LMDS (NLDR)",15,NA,0.76,0.52,1,NA,1.867,0.704,NA,NA,NA,NA,NA,30,17.611,0.587,0.424
"LMDS [k=15] [kQuality=13] (NLDR)","LMDS [k=15] [kQuality=13] (NLDR)","LMDS (NLDR)",15,NA,0.76,0.52,1,NA,1.853,0.704,NA,NA,NA,NA,NA,30,17.611,0.587,0.424
"LMDS [k=15] [kQuality=14] (NLDR)","LMDS [k=15] [kQuality=14] (NLDR)","LMDS (NLDR)",15,NA,0.76,0.52,1,NA,1.885,0.704,NA,NA,NA,NA,NA,30,17.611,0.587,0.424
"LMDS [k=15] [kQuality=15] (NLDR)","LMDS [k=15] [kQuality=15] (NLDR)","LMDS (NLDR)",15,NA,0.76,0.52,1,NA,1.88,0.704,NA,NA,NA,NA,NA,30,17.611,0.587,0.424
"LMDS [k=15] [kQuality=16] (NLDR)","LMDS [k=15] [kQuality=16] (NLDR)","LMDS (NLDR)",15,NA,0.76,0.52,1,NA,1.887,0.704,NA,NA,NA,NA,NA,30,17.611,0.587,0.424
"LMDS [k=15] [kQuality=17] (NLDR)","LMDS [k=15] [kQuality=17] (NLDR)","LMDS (NLDR)",15,NA,0.76,0.52,1,NA,1.822,0.704,NA,NA,NA,NA,NA,30,17.611,0.587,0.424
"LMDS [k=15] [kQuality=18] (NLDR)","LMDS [k=15] [kQuality=18] (NLDR)","LMDS (NLDR)",15,NA,0.76,0.52,1,NA,1.838,0.704,NA,NA,NA,NA,NA,30,17.611,0.587,0.424
"LMDS [k=153] (rNLDR)","LMDS [k=153] (rNLDR)","LMDS (rNLDR)",153,NA,0.79,0.58,1,NA,245.049,0.685,NA,NA,NA,NA,NA,47,33.173,0.706,0.45
"LMDS [k=153] (smacofx)","LMDS [k=153] (smacofx)","LMDS (smacofx)",153,NA,0.63,0.25,1,NA,3.84,0.722,NA,NA,NA,NA,NA,34,12.811,0.377,0.192
"LMDS [k=153] [kQuality=150] (NLDR)","LMDS [k=153] [kQuality=150] (NLDR)","LMDS (NLDR)",153,NA,0.79,0.57,1,NA,2.22,0.611,NA,NA,NA,NA,NA,50,35.962,0.719,0.448
"LMDS [k=153] [kQuality=151] (NLDR)","LMDS [k=153] [kQuality=151] (NLDR)","LMDS (NLDR)",153,NA,0.79,0.57,1,NA,2.222,0.611,NA,NA,NA,NA,NA,50,35.962,0.719,0.448
"LMDS [k=153] [kQuality=152] (NLDR)","LMDS [k=153] [kQuality=152] (NLDR)","LMDS (NLDR)",153,NA,0.79,0.57,1,NA,2.126,0.611,NA,NA,NA,NA,NA,50,35.962,0.719,0.448
"LMDS [k=153] [kQuality=153] (NLDR)","LMDS [k=153] [kQuality=153] (NLDR)","LMDS (NLDR)",153,NA,0.79,0.57,1,NA,2.162,0.611,NA,NA,NA,NA,NA,50,35.962,0.719,0.448
"LMDS [k=153] [kQuality=154] (NLDR)","LMDS [k=153] [kQuality=154] (NLDR)","LMDS (NLDR)",153,NA,0.79,0.57,1,NA,2.143,0.611,NA,NA,NA,NA,NA,50,35.962,0.719,0.448
"LMDS [k=153] [kQuality=155] (NLDR)","LMDS [k=153] [kQuality=155] (NLDR)","LMDS (NLDR)",153,NA,0.79,0.57,1,NA,2.221,0.611,NA,NA,NA,NA,NA,50,35.962,0.719,0.448
"LMDS [k=153] [kQuality=156] (NLDR)","LMDS [k=153] [kQuality=156] (NLDR)","LMDS (NLDR)",153,NA,0.79,0.57,1,NA,2.221,0.611,NA,NA,NA,NA,NA,50,35.962,0.719,0.448
"LMDS [k=159] (rNLDR)","LMDS [k=159] (rNLDR)","LMDS (rNLDR)",159,NA,0.82,0.64,1,NA,82.54,0.704,NA,NA,NA,NA,NA,46,34.881,0.758,0.508
"LMDS [k=159] (smacofx)","LMDS [k=159] (smacofx)","LMDS (smacofx)",159,NA,0.63,0.25,1,NA,3.835,0.722,NA,NA,NA,NA,NA,34,12.811,0.377,0.192
"LMDS [k=159] [kQuality=156] (NLDR)","LMDS [k=159] [kQuality=156] (NLDR)","LMDS (NLDR)",159,NA,0.76,0.52,1,NA,14.413,0.611,NA,NA,NA,NA,NA,51,34.973,0.686,0.409
"LMDS [k=159] [kQuality=157] (NLDR)","LMDS [k=159] [kQuality=157] (NLDR)","LMDS (NLDR)",159,NA,0.76,0.52,1,NA,14.394,0.611,NA,NA,NA,NA,NA,51,34.973,0.686,0.409
"LMDS [k=159] [kQuality=158] (NLDR)","LMDS [k=159] [kQuality=158] (NLDR)","LMDS (NLDR)",159,NA,0.76,0.52,1,NA,14.347,0.611,NA,NA,NA,NA,NA,51,34.973,0.686,0.409
"LMDS [k=159] [kQuality=159] (NLDR)","LMDS [k=159] [kQuality=159] (NLDR)","LMDS (NLDR)",159,NA,0.76,0.52,1,NA,14.327,0.611,NA,NA,NA,NA,NA,51,34.973,0.686,0.409
"LMDS [k=159] [kQuality=160] (NLDR)","LMDS [k=159] [kQuality=160] (NLDR)","LMDS (NLDR)",159,NA,0.76,0.52,1,NA,14.464,0.611,NA,NA,NA,NA,NA,51,34.973,0.686,0.409
"LMDS [k=159] [kQuality=161] (NLDR)","LMDS [k=159] [kQuality=161] (NLDR)","LMDS (NLDR)",159,NA,0.76,0.52,1,NA,14.341,0.611,NA,NA,NA,NA,NA,51,34.973,0.686,0.409
"LMDS [k=159] [kQuality=162] (NLDR)","LMDS [k=159] [kQuality=162] (NLDR)","LMDS (NLDR)",159,NA,0.76,0.52,1,NA,14.406,0.611,NA,NA,NA,NA,NA,51,34.973,0.686,0.409
"LMDS [k=165] (rNLDR)","LMDS [k=165] (rNLDR)","LMDS (rNLDR)",165,NA,0.82,0.64,1,NA,195.628,0.704,NA,NA,NA,NA,NA,43,31.676,0.737,0.503
"LMDS [k=165] (smacofx)","LMDS [k=165] (smacofx)","LMDS (smacofx)",165,NA,0.63,0.25,1,NA,4.246,0.722,NA,NA,NA,NA,NA,34,12.811,0.377,0.192
"LMDS [k=165] [kQuality=162] (NLDR)","LMDS [k=165] [kQuality=162] (NLDR)","LMDS (NLDR)",165,NA,0.8,0.6,1,NA,3.485,0.741,NA,NA,NA,NA,NA,46,33.395,0.726,0.476
"LMDS [k=165] [kQuality=163] (NLDR)","LMDS [k=165] [kQuality=163] (NLDR)","LMDS (NLDR)",165,NA,0.8,0.6,1,NA,3.415,0.741,NA,NA,NA,NA,NA,46,33.395,0.726,0.476
"LMDS [k=165] [kQuality=164] (NLDR)","LMDS [k=165] [kQuality=164] (NLDR)","LMDS (NLDR)",165,NA,0.8,0.6,1,NA,3.547,0.741,NA,NA,NA,NA,NA,46,33.395,0.726,0.476
"LMDS [k=165] [kQuality=165] (NLDR)","LMDS [k=165] [kQuality=165] (NLDR)","LMDS (NLDR)",165,NA,0.8,0.6,1,NA,3.491,0.741,NA,NA,NA,NA,NA,46,33.395,0.726,0.476
"LMDS [k=165] [kQuality=166] (NLDR)","LMDS [k=165] [kQuality=166] (NLDR)","LMDS (NLDR)",165,NA,0.8,0.6,1,NA,3.435,0.741,NA,NA,NA,NA,NA,46,33.395,0.726,0.476
"LMDS [k=165] [kQuality=167] (NLDR)","LMDS [k=165] [kQuality=167] (NLDR)","LMDS (NLDR)",165,NA,0.8,0.6,1,NA,3.547,0.741,NA,NA,NA,NA,NA,46,33.395,0.726,0.476
"LMDS [k=165] [kQuality=168] (NLDR)","LMDS [k=165] [kQuality=168] (NLDR)","LMDS (NLDR)",165,NA,0.8,0.6,1,NA,3.471,0.741,NA,NA,NA,NA,NA,46,33.395,0.726,0.476
"LMDS [k=172] (rNLDR)","LMDS [k=172] (rNLDR)","LMDS (rNLDR)",172,NA,0.82,0.64,1,NA,125.424,0.722,NA,NA,NA,NA,NA,43,31.897,0.742,0.508
"LMDS [k=172] (smacofx)","LMDS [k=172] (smacofx)","LMDS (smacofx)",172,NA,0.63,0.25,1,NA,5.841,0.722,NA,NA,NA,NA,NA,34,12.811,0.377,0.192
"LMDS [k=172] [kQuality=169] (NLDR)","LMDS [k=172] [kQuality=169] (NLDR)","LMDS (NLDR)",172,NA,0.8,0.61,1,NA,3.483,0.704,NA,NA,NA,NA,NA,46,33.422,0.727,0.477
"LMDS [k=172] [kQuality=170] (NLDR)","LMDS [k=172] [kQuality=170] (NLDR)","LMDS (NLDR)",172,NA,0.8,0.61,1,NA,3.506,0.704,NA,NA,NA,NA,NA,46,33.422,0.727,0.477
"LMDS [k=172] [kQuality=171] (NLDR)","LMDS [k=172] [kQuality=171] (NLDR)","LMDS (NLDR)",172,NA,0.8,0.61,1,NA,3.538,0.704,NA,NA,NA,NA,NA,46,33.422,0.727,0.477
"LMDS [k=172] [kQuality=172] (NLDR)","LMDS [k=172] [kQuality=172] (NLDR)","LMDS (NLDR)",172,NA,0.8,0.61,1,NA,3.545,0.704,NA,NA,NA,NA,NA,46,33.422,0.727,0.477
"LMDS [k=172] [kQuality=173] (NLDR)","LMDS [k=172] [kQuality=173] (NLDR)","LMDS (NLDR)",172,NA,0.8,0.61,1,NA,3.514,0.704,NA,NA,NA,NA,NA,46,33.422,0.727,0.477
"LMDS [k=172] [kQuality=174] (NLDR)","LMDS [k=172] [kQuality=174] (NLDR)","LMDS (NLDR)",172,NA,0.8,0.61,1,NA,3.582,0.704,NA,NA,NA,NA,NA,46,33.422,0.727,0.477
"LMDS [k=172] [kQuality=175] (NLDR)","LMDS [k=172] [kQuality=175] (NLDR)","LMDS (NLDR)",172,NA,0.8,0.61,1,NA,3.477,0.704,NA,NA,NA,NA,NA,46,33.422,0.727,0.477
"LMDS [k=178] (rNLDR)","LMDS [k=178] (rNLDR)","LMDS (rNLDR)",178,NA,0.82,0.64,1,NA,148.149,0.741,NA,NA,NA,NA,NA,46,34.995,0.761,0.511
"LMDS [k=178] (smacofx)","LMDS [k=178] (smacofx)","LMDS (smacofx)",178,NA,0.63,0.25,1,NA,3.298,0.722,NA,NA,NA,NA,NA,34,12.811,0.377,0.192
"LMDS [k=178] [kQuality=175] (NLDR)","LMDS [k=178] [kQuality=175] (NLDR)","LMDS (NLDR)",178,NA,0.81,0.62,1,NA,1.958,0.722,NA,NA,NA,NA,NA,39,27.211,0.698,0.486
"LMDS [k=178] [kQuality=176] (NLDR)","LMDS [k=178] [kQuality=176] (NLDR)","LMDS (NLDR)",178,NA,0.81,0.62,1,NA,1.889,0.722,NA,NA,NA,NA,NA,39,27.211,0.698,0.486
"LMDS [k=178] [kQuality=177] (NLDR)","LMDS [k=178] [kQuality=177] (NLDR)","LMDS (NLDR)",178,NA,0.81,0.62,1,NA,1.935,0.722,NA,NA,NA,NA,NA,39,27.211,0.698,0.486
"LMDS [k=178] [kQuality=178] (NLDR)","LMDS [k=178] [kQuality=178] (NLDR)","LMDS (NLDR)",178,NA,0.81,0.62,1,NA,1.897,0.722,NA,NA,NA,NA,NA,39,27.211,0.698,0.486
"LMDS [k=178] [kQuality=179] (NLDR)","LMDS [k=178] [kQuality=179] (NLDR)","LMDS (NLDR)",178,NA,0.81,0.62,1,NA,1.955,0.722,NA,NA,NA,NA,NA,39,27.211,0.698,0.486
"LMDS [k=178] [kQuality=180] (NLDR)","LMDS [k=178] [kQuality=180] (NLDR)","LMDS (NLDR)",178,NA,0.82,0.63,1,NA,2.661,0.667,NA,NA,NA,NA,NA,39,27.535,0.706,0.494
"LMDS [k=178] [kQuality=181] (NLDR)","LMDS [k=178] [kQuality=181] (NLDR)","LMDS (NLDR)",178,NA,0.82,0.63,1,NA,2.573,0.667,NA,NA,NA,NA,NA,39,27.535,0.706,0.494
"LMDS [k=184] (rNLDR)","LMDS [k=184] (rNLDR)","LMDS (rNLDR)",184,NA,0.82,0.64,1,NA,115.682,0.722,NA,NA,NA,NA,NA,43,31.849,0.741,0.507
"LMDS [k=184] (smacofx)","LMDS [k=184] (smacofx)","LMDS (smacofx)",184,NA,0.63,0.25,1,NA,3.566,0.722,NA,NA,NA,NA,NA,34,12.811,0.377,0.192
"LMDS [k=184] [kQuality=181] (NLDR)","LMDS [k=184] [kQuality=181] (NLDR)","LMDS (NLDR)",184,NA,0.81,0.62,1,NA,2.271,0.722,NA,NA,NA,NA,NA,42,30.216,0.719,0.491
"LMDS [k=184] [kQuality=182] (NLDR)","LMDS [k=184] [kQuality=182] (NLDR)","LMDS (NLDR)",184,NA,0.81,0.62,1,NA,2.28,0.722,NA,NA,NA,NA,NA,42,30.216,0.719,0.491
"LMDS [k=184] [kQuality=183] (NLDR)","LMDS [k=184] [kQuality=183] (NLDR)","LMDS (NLDR)",184,NA,0.81,0.63,1,NA,3.126,0.741,NA,NA,NA,NA,NA,39,27.632,0.709,0.497
"LMDS [k=184] [kQuality=184] (NLDR)","LMDS [k=184] [kQuality=184] (NLDR)","LMDS (NLDR)",184,NA,0.81,0.63,1,NA,1.58,0.722,NA,NA,NA,NA,NA,39,27.568,0.707,0.495
"LMDS [k=22] (rNLDR)","LMDS [k=22] (rNLDR)","LMDS (rNLDR)",22,NA,0.78,0.56,1,NA,156.693,0.722,NA,NA,NA,NA,NA,40,27.086,0.677,0.46
"LMDS [k=22] (smacofx)","LMDS [k=22] (smacofx)","LMDS (smacofx)",22,NA,0.63,0.25,1,NA,15.502,0.722,NA,NA,NA,NA,NA,34,12.811,0.377,0.192
"LMDS [k=22] [kQuality=19] (NLDR)","LMDS [k=22] [kQuality=19] (NLDR)","LMDS (NLDR)",22,NA,0.77,0.54,1,NA,0.972,0.722,NA,NA,NA,NA,NA,31,18.93,0.611,0.442
"LMDS [k=22] [kQuality=20] (NLDR)","LMDS [k=22] [kQuality=20] (NLDR)","LMDS (NLDR)",22,NA,0.77,0.54,1,NA,0.945,0.722,NA,NA,NA,NA,NA,31,18.93,0.611,0.442
"LMDS [k=22] [kQuality=21] (NLDR)","LMDS [k=22] [kQuality=21] (NLDR)","LMDS (NLDR)",22,NA,0.77,0.54,1,NA,0.982,0.722,NA,NA,NA,NA,NA,31,18.93,0.611,0.442
"LMDS [k=22] [kQuality=22] (NLDR)","LMDS [k=22] [kQuality=22] (NLDR)","LMDS (NLDR)",22,NA,0.77,0.54,1,NA,0.982,0.722,NA,NA,NA,NA,NA,31,18.93,0.611,0.442
"LMDS [k=22] [kQuality=23] (NLDR)","LMDS [k=22] [kQuality=23] (NLDR)","LMDS (NLDR)",22,NA,0.77,0.54,1,NA,0.98,0.722,NA,NA,NA,NA,NA,31,18.93,0.611,0.442
"LMDS [k=22] [kQuality=24] (NLDR)","LMDS [k=22] [kQuality=24] (NLDR)","LMDS (NLDR)",22,NA,0.77,0.54,1,NA,0.979,0.722,NA,NA,NA,NA,NA,31,18.93,0.611,0.442
"LMDS [k=22] [kQuality=25] (NLDR)","LMDS [k=22] [kQuality=25] (NLDR)","LMDS (NLDR)",22,NA,0.77,0.54,1,NA,0.936,0.722,NA,NA,NA,NA,NA,31,18.93,0.611,0.442
"LMDS [k=28] (rNLDR)","LMDS [k=28] (rNLDR)","LMDS (rNLDR)",28,NA,0.79,0.58,1,NA,287.593,0.722,NA,NA,NA,NA,NA,34,22.551,0.663,0.478
"LMDS [k=28] (smacofx)","LMDS [k=28] (smacofx)","LMDS (smacofx)",28,NA,0.63,0.25,1,NA,9.103,0.722,NA,NA,NA,NA,NA,34,12.811,0.377,0.192
"LMDS [k=28] [kQuality=25] (NLDR)","LMDS [k=28] [kQuality=25] (NLDR)","LMDS (NLDR)",28,NA,0.77,0.54,1,NA,2.01,0.741,NA,NA,NA,NA,NA,34,21.541,0.634,0.449
"LMDS [k=28] [kQuality=26] (NLDR)","LMDS [k=28] [kQuality=26] (NLDR)","LMDS (NLDR)",28,NA,0.77,0.54,1,NA,1.964,0.741,NA,NA,NA,NA,NA,34,21.541,0.634,0.449
"LMDS [k=28] [kQuality=27] (NLDR)","LMDS [k=28] [kQuality=27] (NLDR)","LMDS (NLDR)",28,NA,0.77,0.54,1,NA,2.012,0.741,NA,NA,NA,NA,NA,34,21.541,0.634,0.449
"LMDS [k=28] [kQuality=28] (NLDR)","LMDS [k=28] [kQuality=28] (NLDR)","LMDS (NLDR)",28,NA,0.77,0.54,1,NA,1.97,0.741,NA,NA,NA,NA,NA,34,21.541,0.634,0.449
"LMDS [k=28] [kQuality=29] (NLDR)","LMDS [k=28] [kQuality=29] (NLDR)","LMDS (NLDR)",28,NA,0.77,0.54,1,NA,1.976,0.741,NA,NA,NA,NA,NA,34,21.541,0.634,0.449
"LMDS [k=28] [kQuality=30] (NLDR)","LMDS [k=28] [kQuality=30] (NLDR)","LMDS (NLDR)",28,NA,0.77,0.54,1,NA,1.968,0.741,NA,NA,NA,NA,NA,34,21.541,0.634,0.449
"LMDS [k=28] [kQuality=31] (NLDR)","LMDS [k=28] [kQuality=31] (NLDR)","LMDS (NLDR)",28,NA,0.77,0.54,1,NA,2.029,0.741,NA,NA,NA,NA,NA,34,21.541,0.634,0.449
"LMDS [k=3] (rNLDR)","LMDS [k=3] (rNLDR)","LMDS (rNLDR)",3,NA,0.72,0.43,1,NA,201.178,0.667,NA,NA,NA,NA,NA,30,15.319,0.511,0.348
"LMDS [k=3] (smacofx)","LMDS [k=3] (smacofx)","LMDS (smacofx)",3,NA,0.63,0.25,1,NA,87.241,0.722,NA,NA,NA,NA,NA,34,12.811,0.377,0.192
"LMDS [k=3] [kQuality=1] (NLDR)","LMDS [k=3] [kQuality=1] (NLDR)","LMDS (NLDR)",3,NA,0.72,0.43,1,NA,1.906,0.667,NA,NA,NA,NA,NA,30,15.319,0.511,0.348
"LMDS [k=3] [kQuality=2] (NLDR)","LMDS [k=3] [kQuality=2] (NLDR)","LMDS (NLDR)",3,NA,0.72,0.43,1,NA,1.913,0.667,NA,NA,NA,NA,NA,30,15.319,0.511,0.348
"LMDS [k=3] [kQuality=3] (NLDR)","LMDS [k=3] [kQuality=3] (NLDR)","LMDS (NLDR)",3,NA,0.72,0.43,1,NA,8.494,0.796,NA,NA,NA,NA,NA,35,18.822,0.538,0.348
"LMDS [k=3] [kQuality=4] (NLDR)","LMDS [k=3] [kQuality=4] (NLDR)","LMDS (NLDR)",3,NA,0.72,0.43,1,NA,8.371,0.796,NA,NA,NA,NA,NA,35,18.822,0.538,0.348
"LMDS [k=3] [kQuality=5] (NLDR)","LMDS [k=3] [kQuality=5] (NLDR)","LMDS (NLDR)",3,NA,0.72,0.43,1,NA,8.452,0.796,NA,NA,NA,NA,NA,35,18.822,0.538,0.348
"LMDS [k=3] [kQuality=6] (NLDR)","LMDS [k=3] [kQuality=6] (NLDR)","LMDS (NLDR)",3,NA,0.72,0.43,1,NA,8.455,0.796,NA,NA,NA,NA,NA,35,18.822,0.538,0.348
"LMDS [k=34] (rNLDR)","LMDS [k=34] (rNLDR)","LMDS (rNLDR)",34,NA,0.8,0.59,1,NA,117.113,0.722,NA,NA,NA,NA,NA,38,26.114,0.687,0.481
"LMDS [k=34] (smacofx)","LMDS [k=34] (smacofx)","LMDS (smacofx)",34,NA,0.63,0.25,1,NA,10.98,0.722,NA,NA,NA,NA,NA,34,12.811,0.377,0.192
"LMDS [k=34] [kQuality=31] (NLDR)","LMDS [k=34] [kQuality=31] (NLDR)","LMDS (NLDR)",34,NA,0.78,0.55,1,NA,1.446,0.722,NA,NA,NA,NA,NA,34,21.849,0.643,0.458
"LMDS [k=34] [kQuality=32] (NLDR)","LMDS [k=34] [kQuality=32] (NLDR)","LMDS (NLDR)",34,NA,0.78,0.55,1,NA,1.394,0.722,NA,NA,NA,NA,NA,34,21.849,0.643,0.458
"LMDS [k=34] [kQuality=33] (NLDR)","LMDS [k=34] [kQuality=33] (NLDR)","LMDS (NLDR)",34,NA,0.78,0.55,1,NA,1.422,0.722,NA,NA,NA,NA,NA,34,21.849,0.643,0.458
"LMDS [k=34] [kQuality=34] (NLDR)","LMDS [k=34] [kQuality=34] (NLDR)","LMDS (NLDR)",34,NA,0.78,0.55,1,NA,1.447,0.722,NA,NA,NA,NA,NA,34,21.849,0.643,0.458
"LMDS [k=34] [kQuality=35] (NLDR)","LMDS [k=34] [kQuality=35] (NLDR)","LMDS (NLDR)",34,NA,0.78,0.55,1,NA,1.413,0.722,NA,NA,NA,NA,NA,34,21.849,0.643,0.458
"LMDS [k=34] [kQuality=36] (NLDR)","LMDS [k=34] [kQuality=36] (NLDR)","LMDS (NLDR)",34,NA,0.78,0.55,1,NA,1.445,0.722,NA,NA,NA,NA,NA,34,21.849,0.643,0.458
"LMDS [k=34] [kQuality=37] (NLDR)","LMDS [k=34] [kQuality=37] (NLDR)","LMDS (NLDR)",34,NA,0.78,0.55,1,NA,1.443,0.722,NA,NA,NA,NA,NA,34,21.849,0.643,0.458
"LMDS [k=40] (rNLDR)","LMDS [k=40] (rNLDR)","LMDS (rNLDR)",40,NA,0.8,0.6,1,NA,198.129,0.722,NA,NA,NA,NA,NA,39,27.319,0.7,0.489
"LMDS [k=40] (smacofx)","LMDS [k=40] (smacofx)","LMDS (smacofx)",40,NA,0.63,0.25,1,NA,14.462,0.722,NA,NA,NA,NA,NA,34,12.811,0.377,0.192
"LMDS [k=40] [kQuality=37] (NLDR)","LMDS [k=40] [kQuality=37] (NLDR)","LMDS (NLDR)",40,NA,0.78,0.55,1,NA,1.206,0.741,NA,NA,NA,NA,NA,39,26.2,0.672,0.46
"LMDS [k=40] [kQuality=38] (NLDR)","LMDS [k=40] [kQuality=38] (NLDR)","LMDS (NLDR)",40,NA,0.78,0.55,1,NA,1.172,0.741,NA,NA,NA,NA,NA,39,26.2,0.672,0.46
"LMDS [k=40] [kQuality=39] (NLDR)","LMDS [k=40] [kQuality=39] (NLDR)","LMDS (NLDR)",40,NA,0.78,0.55,1,NA,1.186,0.741,NA,NA,NA,NA,NA,39,26.2,0.672,0.46
"LMDS [k=40] [kQuality=40] (NLDR)","LMDS [k=40] [kQuality=40] (NLDR)","LMDS (NLDR)",40,NA,0.78,0.55,1,NA,1.175,0.741,NA,NA,NA,NA,NA,39,26.2,0.672,0.46
"LMDS [k=40] [kQuality=41] (NLDR)","LMDS [k=40] [kQuality=41] (NLDR)","LMDS (NLDR)",40,NA,0.78,0.55,1,NA,1.222,0.741,NA,NA,NA,NA,NA,39,26.2,0.672,0.46
"LMDS [k=40] [kQuality=42] (NLDR)","LMDS [k=40] [kQuality=42] (NLDR)","LMDS (NLDR)",40,NA,0.78,0.55,1,NA,1.22,0.741,NA,NA,NA,NA,NA,39,26.2,0.672,0.46
"LMDS [k=40] [kQuality=43] (NLDR)","LMDS [k=40] [kQuality=43] (NLDR)","LMDS (NLDR)",40,NA,0.78,0.55,1,NA,1.218,0.741,NA,NA,NA,NA,NA,39,26.2,0.672,0.46
"LMDS [k=47] (rNLDR)","LMDS [k=47] (rNLDR)","LMDS (rNLDR)",47,NA,0.81,0.61,1,NA,89.621,0.722,NA,NA,NA,NA,NA,39,27.649,0.709,0.497
"LMDS [k=47] (smacofx)","LMDS [k=47] (smacofx)","LMDS (smacofx)",47,NA,0.63,0.25,1,NA,13.98,0.722,NA,NA,NA,NA,NA,34,12.811,0.377,0.192
"LMDS [k=47] [kQuality=44] (NLDR)","LMDS [k=47] [kQuality=44] (NLDR)","LMDS (NLDR)",47,NA,0.71,0.42,1,NA,2.388,0.722,NA,NA,NA,NA,NA,45,25.795,0.573,0.329
"LMDS [k=47] [kQuality=45] (NLDR)","LMDS [k=47] [kQuality=45] (NLDR)","LMDS (NLDR)",47,NA,0.71,0.42,1,NA,2.317,0.722,NA,NA,NA,NA,NA,45,25.795,0.573,0.329
"LMDS [k=47] [kQuality=46] (NLDR)","LMDS [k=47] [kQuality=46] (NLDR)","LMDS (NLDR)",47,NA,0.71,0.42,1,NA,2.327,0.722,NA,NA,NA,NA,NA,45,25.795,0.573,0.329
"LMDS [k=47] [kQuality=47] (NLDR)","LMDS [k=47] [kQuality=47] (NLDR)","LMDS (NLDR)",47,NA,0.78,0.57,1,NA,1.625,0.722,NA,NA,NA,NA,NA,39,26.757,0.686,0.474
"LMDS [k=47] [kQuality=48] (NLDR)","LMDS [k=47] [kQuality=48] (NLDR)","LMDS (NLDR)",47,NA,0.78,0.57,1,NA,1.585,0.722,NA,NA,NA,NA,NA,39,26.757,0.686,0.474
"LMDS [k=47] [kQuality=49] (NLDR)","LMDS [k=47] [kQuality=49] (NLDR)","LMDS (NLDR)",47,NA,0.78,0.57,1,NA,1.627,0.722,NA,NA,NA,NA,NA,39,26.757,0.686,0.474
"LMDS [k=47] [kQuality=50] (NLDR)","LMDS [k=47] [kQuality=50] (NLDR)","LMDS (NLDR)",47,NA,0.78,0.57,1,NA,1.625,0.722,NA,NA,NA,NA,NA,39,26.757,0.686,0.474
"LMDS [k=53] (rNLDR)","LMDS [k=53] (rNLDR)","LMDS (rNLDR)",53,NA,0.81,0.61,1,NA,92.228,0.722,NA,NA,NA,NA,NA,39,27.47,0.704,0.492
"LMDS [k=53] (smacofx)","LMDS [k=53] (smacofx)","LMDS (smacofx)",53,NA,0.63,0.25,1,NA,11.979,0.722,NA,NA,NA,NA,NA,34,12.811,0.377,0.192
"LMDS [k=53] [kQuality=50] (NLDR)","LMDS [k=53] [kQuality=50] (NLDR)","LMDS (NLDR)",53,NA,0.79,0.57,1,NA,1.44,0.722,NA,NA,NA,NA,NA,39,26.773,0.686,0.475
"LMDS [k=53] [kQuality=51] (NLDR)","LMDS [k=53] [kQuality=51] (NLDR)","LMDS (NLDR)",53,NA,0.79,0.57,1,NA,1.444,0.722,NA,NA,NA,NA,NA,39,26.773,0.686,0.475
"LMDS [k=53] [kQuality=52] (NLDR)","LMDS [k=53] [kQuality=52] (NLDR)","LMDS (NLDR)",53,NA,0.79,0.57,1,NA,1.465,0.722,NA,NA,NA,NA,NA,39,26.773,0.686,0.475
"LMDS [k=53] [kQuality=53] (NLDR)","LMDS [k=53] [kQuality=53] (NLDR)","LMDS (NLDR)",53,NA,0.79,0.57,1,NA,1.419,0.722,NA,NA,NA,NA,NA,39,26.773,0.686,0.475
"LMDS [k=53] [kQuality=54] (NLDR)","LMDS [k=53] [kQuality=54] (NLDR)","LMDS (NLDR)",53,NA,0.79,0.57,1,NA,1.405,0.722,NA,NA,NA,NA,NA,39,26.773,0.686,0.475
"LMDS [k=53] [kQuality=55] (NLDR)","LMDS [k=53] [kQuality=55] (NLDR)","LMDS (NLDR)",53,NA,0.79,0.57,1,NA,1.4,0.722,NA,NA,NA,NA,NA,39,26.773,0.686,0.475
"LMDS [k=53] [kQuality=56] (NLDR)","LMDS [k=53] [kQuality=56] (NLDR)","LMDS (NLDR)",53,NA,0.79,0.57,1,NA,1.437,0.722,NA,NA,NA,NA,NA,39,26.773,0.686,0.475
"LMDS [k=59] (rNLDR)","LMDS [k=59] (rNLDR)","LMDS (rNLDR)",59,NA,0.81,0.62,1,NA,181.86,0.722,NA,NA,NA,NA,NA,42,30.362,0.723,0.495
"LMDS [k=59] (smacofx)","LMDS [k=59] (smacofx)","LMDS (smacofx)",59,NA,0.63,0.25,1,NA,11.638,0.722,NA,NA,NA,NA,NA,34,12.811,0.377,0.192
"LMDS [k=59] [kQuality=56] (NLDR)","LMDS [k=59] [kQuality=56] (NLDR)","LMDS (NLDR)",59,NA,0.79,0.58,1,NA,1.805,0.722,NA,NA,NA,NA,NA,39,27.005,0.692,0.48
"LMDS [k=59] [kQuality=57] (NLDR)","LMDS [k=59] [kQuality=57] (NLDR)","LMDS (NLDR)",59,NA,0.79,0.58,1,NA,1.854,0.722,NA,NA,NA,NA,NA,39,27.005,0.692,0.48
"LMDS [k=59] [kQuality=58] (NLDR)","LMDS [k=59] [kQuality=58] (NLDR)","LMDS (NLDR)",59,NA,0.79,0.58,1,NA,1.795,0.722,NA,NA,NA,NA,NA,39,27.005,0.692,0.48
"LMDS [k=59] [kQuality=59] (NLDR)","LMDS [k=59] [kQuality=59] (NLDR)","LMDS (NLDR)",59,NA,0.79,0.58,1,NA,1.801,0.722,NA,NA,NA,NA,NA,39,27.005,0.692,0.48
"LMDS [k=59] [kQuality=60] (NLDR)","LMDS [k=59] [kQuality=60] (NLDR)","LMDS (NLDR)",59,NA,0.79,0.58,1,NA,1.848,0.722,NA,NA,NA,NA,NA,39,27.005,0.692,0.48
"LMDS [k=59] [kQuality=61] (NLDR)","LMDS [k=59] [kQuality=61] (NLDR)","LMDS (NLDR)",59,NA,0.79,0.58,1,NA,1.817,0.722,NA,NA,NA,NA,NA,39,27.005,0.692,0.48
"LMDS [k=59] [kQuality=62] (NLDR)","LMDS [k=59] [kQuality=62] (NLDR)","LMDS (NLDR)",59,NA,0.79,0.58,1,NA,1.856,0.722,NA,NA,NA,NA,NA,39,27.005,0.692,0.48
"LMDS [k=65] (rNLDR)","LMDS [k=65] (rNLDR)","LMDS (rNLDR)",65,NA,0.82,0.63,1,NA,91.569,0.722,NA,NA,NA,NA,NA,42,30.665,0.73,0.502
"LMDS [k=65] (smacofx)","LMDS [k=65] (smacofx)","LMDS (smacofx)",65,NA,0.63,0.25,1,NA,12.398,0.722,NA,NA,NA,NA,NA,34,12.811,0.377,0.192
"LMDS [k=65] [kQuality=62] (NLDR)","LMDS [k=65] [kQuality=62] (NLDR)","LMDS (NLDR)",65,NA,0.76,0.52,1,NA,4.606,0.722,NA,NA,NA,NA,NA,39,25.081,0.643,0.431
"LMDS [k=65] [kQuality=63] (NLDR)","LMDS [k=65] [kQuality=63] (NLDR)","LMDS (NLDR)",65,NA,0.76,0.52,1,NA,4.739,0.722,NA,NA,NA,NA,NA,39,25.081,0.643,0.431
"LMDS [k=65] [kQuality=64] (NLDR)","LMDS [k=65] [kQuality=64] (NLDR)","LMDS (NLDR)",65,NA,0.76,0.52,1,NA,4.604,0.722,NA,NA,NA,NA,NA,39,25.081,0.643,0.431
"LMDS [k=65] [kQuality=65] (NLDR)","LMDS [k=65] [kQuality=65] (NLDR)","LMDS (NLDR)",65,NA,0.76,0.52,1,NA,4.716,0.722,NA,NA,NA,NA,NA,39,25.081,0.643,0.431
"LMDS [k=65] [kQuality=66] (NLDR)","LMDS [k=65] [kQuality=66] (NLDR)","LMDS (NLDR)",65,NA,0.76,0.52,1,NA,4.583,0.722,NA,NA,NA,NA,NA,39,25.081,0.643,0.431
"LMDS [k=65] [kQuality=67] (NLDR)","LMDS [k=65] [kQuality=67] (NLDR)","LMDS (NLDR)",65,NA,0.76,0.52,1,NA,4.584,0.722,NA,NA,NA,NA,NA,39,25.081,0.643,0.431
"LMDS [k=65] [kQuality=68] (NLDR)","LMDS [k=65] [kQuality=68] (NLDR)","LMDS (NLDR)",65,NA,0.76,0.52,1,NA,4.646,0.722,NA,NA,NA,NA,NA,39,25.081,0.643,0.431
"LMDS [k=72] (rNLDR)","LMDS [k=72] (rNLDR)","LMDS (rNLDR)",72,NA,0.82,0.64,1,NA,166.143,0.722,NA,NA,NA,NA,NA,42,30.903,0.736,0.508
"LMDS [k=72] (smacofx)","LMDS [k=72] (smacofx)","LMDS (smacofx)",72,NA,0.63,0.25,1,NA,10.885,0.722,NA,NA,NA,NA,NA,34,12.811,0.377,0.192
"LMDS [k=72] [kQuality=69] (NLDR)","LMDS [k=72] [kQuality=69] (NLDR)","LMDS (NLDR)",72,NA,0.77,0.53,1,NA,0.754,0.722,NA,NA,NA,NA,NA,37,23.411,0.633,0.432
"LMDS [k=72] [kQuality=70] (NLDR)","LMDS [k=72] [kQuality=70] (NLDR)","LMDS (NLDR)",72,NA,0.77,0.53,1,NA,0.757,0.722,NA,NA,NA,NA,NA,37,23.411,0.633,0.432
"LMDS [k=72] [kQuality=71] (NLDR)","LMDS [k=72] [kQuality=71] (NLDR)","LMDS (NLDR)",72,NA,0.77,0.53,1,NA,0.756,0.722,NA,NA,NA,NA,NA,37,23.411,0.633,0.432
"LMDS [k=72] [kQuality=72] (NLDR)","LMDS [k=72] [kQuality=72] (NLDR)","LMDS (NLDR)",72,NA,0.77,0.53,1,NA,0.755,0.722,NA,NA,NA,NA,NA,37,23.411,0.633,0.432
"LMDS [k=72] [kQuality=73] (NLDR)","LMDS [k=72] [kQuality=73] (NLDR)","LMDS (NLDR)",72,NA,0.77,0.53,1,NA,0.761,0.722,NA,NA,NA,NA,NA,37,23.411,0.633,0.432
"LMDS [k=72] [kQuality=74] (NLDR)","LMDS [k=72] [kQuality=74] (NLDR)","LMDS (NLDR)",72,NA,0.77,0.53,1,NA,0.741,0.722,NA,NA,NA,NA,NA,37,23.411,0.633,0.432
"LMDS [k=72] [kQuality=75] (NLDR)","LMDS [k=72] [kQuality=75] (NLDR)","LMDS (NLDR)",72,NA,0.77,0.53,1,NA,0.751,0.722,NA,NA,NA,NA,NA,37,23.411,0.633,0.432
"LMDS [k=78] (rNLDR)","LMDS [k=78] (rNLDR)","LMDS (rNLDR)",78,NA,0.82,0.64,1,NA,146.743,0.722,NA,NA,NA,NA,NA,40,28.962,0.724,0.507
"LMDS [k=78] (smacofx)","LMDS [k=78] (smacofx)","LMDS (smacofx)",78,NA,0.63,0.25,1,NA,9.844,0.722,NA,NA,NA,NA,NA,34,12.811,0.377,0.192
"LMDS [k=78] [kQuality=75] (NLDR)","LMDS [k=78] [kQuality=75] (NLDR)","LMDS (NLDR)",78,NA,0.77,0.54,1,NA,3.372,0.722,NA,NA,NA,NA,NA,37,23.703,0.641,0.44
"LMDS [k=78] [kQuality=76] (NLDR)","LMDS [k=78] [kQuality=76] (NLDR)","LMDS (NLDR)",78,NA,0.77,0.54,1,NA,3.374,0.722,NA,NA,NA,NA,NA,37,23.703,0.641,0.44
"LMDS [k=78] [kQuality=77] (NLDR)","LMDS [k=78] [kQuality=77] (NLDR)","LMDS (NLDR)",78,NA,0.77,0.54,1,NA,3.377,0.722,NA,NA,NA,NA,NA,37,23.703,0.641,0.44
"LMDS [k=78] [kQuality=78] (NLDR)","LMDS [k=78] [kQuality=78] (NLDR)","LMDS (NLDR)",78,NA,0.77,0.54,1,NA,3.356,0.722,NA,NA,NA,NA,NA,37,23.703,0.641,0.44
"LMDS [k=78] [kQuality=79] (NLDR)","LMDS [k=78] [kQuality=79] (NLDR)","LMDS (NLDR)",78,NA,0.77,0.54,1,NA,3.389,0.722,NA,NA,NA,NA,NA,37,23.703,0.641,0.44
"LMDS [k=78] [kQuality=80] (NLDR)","LMDS [k=78] [kQuality=80] (NLDR)","LMDS (NLDR)",78,NA,0.77,0.54,1,NA,3.389,0.722,NA,NA,NA,NA,NA,37,23.703,0.641,0.44
"LMDS [k=78] [kQuality=81] (NLDR)","LMDS [k=78] [kQuality=81] (NLDR)","LMDS (NLDR)",78,NA,0.77,0.54,1,NA,3.46,0.722,NA,NA,NA,NA,NA,37,23.703,0.641,0.44
"LMDS [k=84] (rNLDR)","LMDS [k=84] (rNLDR)","LMDS (rNLDR)",84,NA,0.82,0.64,1,NA,114.369,0.722,NA,NA,NA,NA,NA,42,30.805,0.733,0.505
"LMDS [k=84] (smacofx)","LMDS [k=84] (smacofx)","LMDS (smacofx)",84,NA,0.63,0.25,1,NA,16.483,0.722,NA,NA,NA,NA,NA,34,12.811,0.377,0.192
"LMDS [k=84] [kQuality=81] (NLDR)","LMDS [k=84] [kQuality=81] (NLDR)","LMDS (NLDR)",84,NA,0.77,0.54,1,NA,1.446,0.722,NA,NA,NA,NA,NA,39,25.546,0.655,0.443
"LMDS [k=84] [kQuality=82] (NLDR)","LMDS [k=84] [kQuality=82] (NLDR)","LMDS (NLDR)",84,NA,0.77,0.54,1,NA,1.415,0.722,NA,NA,NA,NA,NA,39,25.546,0.655,0.443
"LMDS [k=84] [kQuality=83] (NLDR)","LMDS [k=84] [kQuality=83] (NLDR)","LMDS (NLDR)",84,NA,0.77,0.54,1,NA,1.432,0.722,NA,NA,NA,NA,NA,39,25.546,0.655,0.443
"LMDS [k=84] [kQuality=84] (NLDR)","LMDS [k=84] [kQuality=84] (NLDR)","LMDS (NLDR)",84,NA,0.77,0.54,1,NA,1.403,0.722,NA,NA,NA,NA,NA,39,25.546,0.655,0.443
"LMDS [k=84] [kQuality=85] (NLDR)","LMDS [k=84] [kQuality=85] (NLDR)","LMDS (NLDR)",84,NA,0.77,0.54,1,NA,1.452,0.722,NA,NA,NA,NA,NA,39,25.546,0.655,0.443
"LMDS [k=84] [kQuality=86] (NLDR)","LMDS [k=84] [kQuality=86] (NLDR)","LMDS (NLDR)",84,NA,0.77,0.54,1,NA,1.454,0.722,NA,NA,NA,NA,NA,39,25.546,0.655,0.443
"LMDS [k=84] [kQuality=87] (NLDR)","LMDS [k=84] [kQuality=87] (NLDR)","LMDS (NLDR)",84,NA,0.77,0.54,1,NA,1.437,0.722,NA,NA,NA,NA,NA,39,25.546,0.655,0.443
"LMDS [k=9] (rNLDR)","LMDS [k=9] (rNLDR)","LMDS (rNLDR)",9,NA,0.75,0.5,1,NA,165.493,0.722,NA,NA,NA,NA,NA,34,20.092,0.591,0.406
"LMDS [k=9] (smacofx)","LMDS [k=9] (smacofx)","LMDS (smacofx)",9,NA,0.63,0.25,1,NA,32.173,0.722,NA,NA,NA,NA,NA,34,12.811,0.377,0.192
"LMDS [k=9] [kQuality=10] (NLDR)","LMDS [k=9] [kQuality=10] (NLDR)","LMDS (NLDR)",9,NA,0.73,0.46,1,NA,19.17,0.722,NA,NA,NA,NA,NA,39,22.93,0.588,0.376
"LMDS [k=9] [kQuality=11] (NLDR)","LMDS [k=9] [kQuality=11] (NLDR)","LMDS (NLDR)",9,NA,0.73,0.46,1,NA,19.17,0.722,NA,NA,NA,NA,NA,39,22.93,0.588,0.376
"LMDS [k=9] [kQuality=12] (NLDR)","LMDS [k=9] [kQuality=12] (NLDR)","LMDS (NLDR)",9,NA,0.73,0.46,1,NA,19.153,0.722,NA,NA,NA,NA,NA,39,22.93,0.588,0.376
"LMDS [k=9] [kQuality=6] (NLDR)","LMDS [k=9] [kQuality=6] (NLDR)","LMDS (NLDR)",9,NA,0.73,0.46,1,NA,19.17,0.722,NA,NA,NA,NA,NA,39,22.93,0.588,0.376
"LMDS [k=9] [kQuality=7] (NLDR)","LMDS [k=9] [kQuality=7] (NLDR)","LMDS (NLDR)",9,NA,0.73,0.46,1,NA,19.239,0.722,NA,NA,NA,NA,NA,39,22.93,0.588,0.376
"LMDS [k=9] [kQuality=8] (NLDR)","LMDS [k=9] [kQuality=8] (NLDR)","LMDS (NLDR)",9,NA,0.73,0.46,1,NA,19.233,0.722,NA,NA,NA,NA,NA,39,22.93,0.588,0.376
"LMDS [k=9] [kQuality=9] (NLDR)","LMDS [k=9] [kQuality=9] (NLDR)","LMDS (NLDR)",9,NA,0.73,0.46,1,NA,19.346,0.722,NA,NA,NA,NA,NA,39,22.93,0.588,0.376
"LMDS [k=90] (rNLDR)","LMDS [k=90] (rNLDR)","LMDS (rNLDR)",90,NA,0.82,0.64,1,NA,69.483,0.722,NA,NA,NA,NA,NA,42,30.957,0.737,0.509
"LMDS [k=90] (smacofx)","LMDS [k=90] (smacofx)","LMDS (smacofx)",90,NA,0.63,0.25,1,NA,5.208,0.722,NA,NA,NA,NA,NA,34,12.811,0.377,0.192
"LMDS [k=90] [kQuality=87] (NLDR)","LMDS [k=90] [kQuality=87] (NLDR)","LMDS (NLDR)",90,NA,0.78,0.55,1,NA,1.746,0.722,NA,NA,NA,NA,NA,39,25.589,0.656,0.444
"LMDS [k=90] [kQuality=88] (NLDR)","LMDS [k=90] [kQuality=88] (NLDR)","LMDS (NLDR)",90,NA,0.78,0.55,1,NA,1.78,0.722,NA,NA,NA,NA,NA,39,25.589,0.656,0.444
"LMDS [k=90] [kQuality=89] (NLDR)","LMDS [k=90] [kQuality=89] (NLDR)","LMDS (NLDR)",90,NA,0.78,0.55,1,NA,1.761,0.722,NA,NA,NA,NA,NA,39,25.589,0.656,0.444
"LMDS [k=90] [kQuality=90] (NLDR)","LMDS [k=90] [kQuality=90] (NLDR)","LMDS (NLDR)",90,NA,0.78,0.55,1,NA,1.745,0.722,NA,NA,NA,NA,NA,39,25.589,0.656,0.444
"LMDS [k=90] [kQuality=91] (NLDR)","LMDS [k=90] [kQuality=91] (NLDR)","LMDS (NLDR)",90,NA,0.78,0.55,1,NA,1.768,0.722,NA,NA,NA,NA,NA,39,25.589,0.656,0.444
"LMDS [k=90] [kQuality=92] (NLDR)","LMDS [k=90] [kQuality=92] (NLDR)","LMDS (NLDR)",90,NA,0.78,0.55,1,NA,1.81,0.722,NA,NA,NA,NA,NA,39,25.589,0.656,0.444
"LMDS [k=90] [kQuality=93] (NLDR)","LMDS [k=90] [kQuality=93] (NLDR)","LMDS (NLDR)",90,NA,0.78,0.55,1,NA,1.76,0.722,NA,NA,NA,NA,NA,39,25.589,0.656,0.444
"LMDS [k=97] (rNLDR)","LMDS [k=97] (rNLDR)","LMDS (rNLDR)",97,NA,0.82,0.64,1,NA,72.932,0.741,NA,NA,NA,NA,NA,43,32.005,0.744,0.511
"LMDS [k=97] (smacofx)","LMDS [k=97] (smacofx)","LMDS (smacofx)",97,NA,0.63,0.25,1,NA,5.896,0.722,NA,NA,NA,NA,NA,34,12.811,0.377,0.192
"LMDS [k=97] [kQuality=100] (NLDR)","LMDS [k=97] [kQuality=100] (NLDR)","LMDS (NLDR)",97,NA,0.81,0.62,1,NA,1.498,0.722,NA,NA,NA,NA,NA,39,27.535,0.706,0.494
"LMDS [k=97] [kQuality=94] (NLDR)","LMDS [k=97] [kQuality=94] (NLDR)","LMDS (NLDR)",97,NA,0.81,0.62,1,NA,1.476,0.722,NA,NA,NA,NA,NA,39,27.535,0.706,0.494
"LMDS [k=97] [kQuality=95] (NLDR)","LMDS [k=97] [kQuality=95] (NLDR)","LMDS (NLDR)",97,NA,0.81,0.62,1,NA,1.519,0.722,NA,NA,NA,NA,NA,39,27.535,0.706,0.494
"LMDS [k=97] [kQuality=96] (NLDR)","LMDS [k=97] [kQuality=96] (NLDR)","LMDS (NLDR)",97,NA,0.81,0.62,1,NA,1.521,0.722,NA,NA,NA,NA,NA,39,27.535,0.706,0.494
"LMDS [k=97] [kQuality=97] (NLDR)","LMDS [k=97] [kQuality=97] (NLDR)","LMDS (NLDR)",97,NA,0.81,0.62,1,NA,1.495,0.722,NA,NA,NA,NA,NA,39,27.535,0.706,0.494
"LMDS [k=97] [kQuality=98] (NLDR)","LMDS [k=97] [kQuality=98] (NLDR)","LMDS (NLDR)",97,NA,0.81,0.62,1,NA,1.472,0.722,NA,NA,NA,NA,NA,39,27.535,0.706,0.494
"LMDS [k=97] [kQuality=99] (NLDR)","LMDS [k=97] [kQuality=99] (NLDR)","LMDS (NLDR)",97,NA,0.81,0.62,1,NA,1.501,0.722,NA,NA,NA,NA,NA,39,27.535,0.706,0.494
"MDS (NLDR)","MDS (NLDR)","MDS (NLDR)",NA,NA,0.82,0.64,3,0,2.068,0.722,NA,NA,NA,NA,NA,38,27.086,0.713,0.506
"MDS (smacof)","MDS (smacof)","MDS (smacof)",NA,NA,0.64,0.27,3,0,0.021,0.759,NA,NA,NA,NA,NA,47,21.805,0.464,0.209
"PCA_SVD","PCA_SVD","PCA_SVD",NA,NA,0.61,0.22,3,0.022,1.602,0.722,NA,NA,NA,NA,NA,39,15.097,0.387,0.175
"PPCA","PPCA","PPCA",NA,NA,0.79,0.57,3,0.238,205.62,0.704,NA,NA,NA,NA,NA,40,26.908,0.673,0.455
"tSNE [perp=15]","tSNE [perp=15]","tSNE",NA,15,0.76,0.52,1,NA,1.065,0.833,NA,NA,NA,NA,NA,2,1.227,0.614,0.603
"tSNE [perp=22]","tSNE [perp=22]","tSNE",NA,22,0.77,0.54,1,NA,0.992,0.852,NA,NA,NA,NA,NA,2,1.168,0.584,0.573
"tSNE [perp=28]","tSNE [perp=28]","tSNE",NA,28,0.77,0.54,1,NA,0.985,0.741,NA,NA,NA,NA,NA,2,1.043,0.522,0.511
"tSNE [perp=3]","tSNE [perp=3]","tSNE",NA,3,0.74,0.47,1,NA,0.989,0.741,NA,NA,NA,NA,NA,1,0.773,0.773,0.768
"tSNE [perp=34]","tSNE [perp=34]","tSNE",NA,34,0.76,0.52,1,NA,0.993,0.778,NA,NA,NA,NA,NA,2,0.951,0.476,0.465
"tSNE [perp=40]","tSNE [perp=40]","tSNE",NA,40,0.8,0.59,1,NA,1.059,0.759,NA,NA,NA,NA,NA,17,9.67,0.569,0.476
"tSNE [perp=47]","tSNE [perp=47]","tSNE",NA,47,0.79,0.58,1,NA,1.07,0.722,NA,NA,NA,NA,NA,24,14.222,0.593,0.462
"tSNE [perp=53]","tSNE [perp=53]","tSNE",NA,53,0.8,0.59,1,NA,1.042,0.741,NA,NA,NA,NA,NA,30,18.989,0.633,0.47
"tSNE [perp=59]","tSNE [perp=59]","tSNE",NA,59,0.79,0.58,1,NA,0.99,0.741,NA,NA,NA,NA,NA,28,17.703,0.632,0.48
"tSNE [perp=9]","tSNE [perp=9]","tSNE",NA,9,0.74,0.49,1,NA,1.062,0.778,NA,NA,NA,NA,NA,1,0.692,0.692,0.686
"UMAP [k=103]","UMAP [k=103]","UMAP",103,NA,0.72,0.44,1,NA,0.808,0.759,NA,NA,NA,NA,NA,49,29.914,0.61,0.344
"UMAP [k=109]","UMAP [k=109]","UMAP",109,NA,0.7,0.41,1,NA,0.845,0.704,NA,NA,NA,NA,NA,43,24.141,0.561,0.328
"UMAP [k=115]","UMAP [k=115]","UMAP",115,NA,0.73,0.46,1,NA,0.849,0.722,NA,NA,NA,NA,NA,47,28.476,0.606,0.35
"UMAP [k=122]","UMAP [k=122]","UMAP",122,NA,0.7,0.41,1,NA,0.891,0.63,NA,NA,NA,NA,NA,48,28.157,0.587,0.326
"UMAP [k=128]","UMAP [k=128]","UMAP",128,NA,0.71,0.41,1,NA,0.899,0.704,NA,NA,NA,NA,NA,41,22.659,0.553,0.33
"UMAP [k=134]","UMAP [k=134]","UMAP",134,NA,0.71,0.41,1,NA,0.917,0.722,NA,NA,NA,NA,NA,42,23.514,0.56,0.332
"UMAP [k=140]","UMAP [k=140]","UMAP",140,NA,0.7,0.4,1,NA,0.94,0.685,NA,NA,NA,NA,NA,49,29.438,0.601,0.334
"UMAP [k=147]","UMAP [k=147]","UMAP",147,NA,0.72,0.44,1,NA,0.966,0.741,NA,NA,NA,NA,NA,49,30.005,0.612,0.346
"UMAP [k=15]","UMAP [k=15]","UMAP",15,NA,0.74,0.47,1,NA,0.344,0.704,NA,NA,NA,NA,NA,50,30.422,0.608,0.337
"UMAP [k=153]","UMAP [k=153]","UMAP",153,NA,0.71,0.41,1,NA,0.988,0.704,NA,NA,NA,NA,NA,48,28.049,0.584,0.323
"UMAP [k=159]","UMAP [k=159]","UMAP",159,NA,0.7,0.39,1,NA,0.989,0.759,NA,NA,NA,NA,NA,49,28.492,0.581,0.315
"UMAP [k=165]","UMAP [k=165]","UMAP",165,NA,0.7,0.4,1,NA,1.008,0.704,NA,NA,NA,NA,NA,46,26.416,0.574,0.324
"UMAP [k=172]","UMAP [k=172]","UMAP",172,NA,0.71,0.42,1,NA,1.024,0.704,NA,NA,NA,NA,NA,42,23.735,0.565,0.337
"UMAP [k=178]","UMAP [k=178]","UMAP",178,NA,0.71,0.41,1,NA,1.041,0.63,NA,NA,NA,NA,NA,42,23.335,0.556,0.327
"UMAP [k=184]","UMAP [k=184]","UMAP",184,NA,0.71,0.41,1,NA,1.054,0.722,NA,NA,NA,NA,NA,43,24.308,0.565,0.332
"UMAP [k=22]","UMAP [k=22]","UMAP",22,NA,0.74,0.48,1,NA,0.399,0.722,NA,NA,NA,NA,NA,37,19.805,0.535,0.334
"UMAP [k=28]","UMAP [k=28]","UMAP",28,NA,0.74,0.47,1,NA,0.437,0.722,NA,NA,NA,NA,NA,47,28.059,0.597,0.342
"UMAP [k=3]","UMAP [k=3]","UMAP",3,NA,0.64,0.28,1,NA,0.158,0.648,NA,NA,NA,NA,NA,3,1.032,0.344,0.328
"UMAP [k=34]","UMAP [k=34]","UMAP",34,NA,0.73,0.45,1,NA,0.471,0.778,NA,NA,NA,NA,NA,48,28.951,0.603,0.342
"UMAP [k=40]","UMAP [k=40]","UMAP",40,NA,0.72,0.43,1,NA,0.498,0.796,NA,NA,NA,NA,NA,39,21.546,0.552,0.341
"UMAP [k=47]","UMAP [k=47]","UMAP",47,NA,0.7,0.4,1,NA,0.531,0.741,NA,NA,NA,NA,NA,43,23.697,0.551,0.317
"UMAP [k=53]","UMAP [k=53]","UMAP",53,NA,0.71,0.42,1,NA,0.558,0.759,NA,NA,NA,NA,NA,49,29.227,0.596,0.33
"UMAP [k=59]","UMAP [k=59]","UMAP",59,NA,0.71,0.42,1,NA,0.585,0.648,NA,NA,NA,NA,NA,42,23.465,0.559,0.33
"UMAP [k=65]","UMAP [k=65]","UMAP",65,NA,0.72,0.44,1,NA,0.658,0.685,NA,NA,NA,NA,NA,53,32.978,0.622,0.334
"UMAP [k=72]","UMAP [k=72]","UMAP",72,NA,0.7,0.4,1,NA,1.015,0.741,NA,NA,NA,NA,NA,44,24.708,0.562,0.322
"UMAP [k=78]","UMAP [k=78]","UMAP",78,NA,0.7,0.4,1,NA,0.711,0.722,NA,NA,NA,NA,NA,43,24.011,0.558,0.325
"UMAP [k=84]","UMAP [k=84]","UMAP",84,NA,0.71,0.41,1,NA,0.736,0.759,NA,NA,NA,NA,NA,39,20.903,0.536,0.324
"UMAP [k=9]","UMAP [k=9]","UMAP",9,NA,0.73,0.45,1,NA,0.286,0.667,NA,NA,NA,NA,NA,24,11.07,0.461,0.331
"UMAP [k=90]","UMAP [k=90]","UMAP",90,NA,0.72,0.43,1,NA,0.758,0.722,NA,NA,NA,NA,NA,42,23.789,0.566,0.338
"UMAP [k=97]","UMAP [k=97]","UMAP",97,NA,0.71,0.42,1,NA,0.786,0.722,NA,NA,NA,NA,NA,50,30.124,0.602,0.331
